-- phpMyAdmin SQL Dump
-- version 5.1.1
-- https://www.phpmyadmin.net/
--
-- Host: localhost
-- Generation Time: Jun 24, 2022 at 06:18 AM
-- Server version: 10.4.22-MariaDB
-- PHP Version: 8.0.13

SET SQL_MODE = "NO_AUTO_VALUE_ON_ZERO";
START TRANSACTION;
SET time_zone = "+07:00";


/*!40101 SET @OLD_CHARACTER_SET_CLIENT=@@CHARACTER_SET_CLIENT */;
/*!40101 SET @OLD_CHARACTER_SET_RESULTS=@@CHARACTER_SET_RESULTS */;
/*!40101 SET @OLD_COLLATION_CONNECTION=@@COLLATION_CONNECTION */;
/*!40101 SET NAMES utf8mb4 */;

--
-- Database: `my_stock`
--

-- --------------------------------------------------------

--
-- Table structure for table `barcode`
--

CREATE TABLE `barcode` (
  `code` varchar(15) NOT NULL,
  `id` varchar(10) NOT NULL
) ENGINE=InnoDB DEFAULT CHARSET=utf8mb4;

--
-- Dumping data for table `barcode`
--

INSERT INTO `barcode` (`code`, `id`) VALUES
('23224659866170', '1');

-- --------------------------------------------------------

--
-- Table structure for table `department`
--

CREATE TABLE `department` (
  `DepartmentID` int(11) NOT NULL,
  `DepartmentName` varchar(250) COLLATE utf8_unicode_ci NOT NULL
) ENGINE=InnoDB DEFAULT CHARSET=utf8 COLLATE=utf8_unicode_ci COMMENT='แผนก';

--
-- Dumping data for table `department`
--

INSERT INTO `department` (`DepartmentID`, `DepartmentName`) VALUES
(1, 'ห้องยานอกตึกมูลนิธิ'),
(3, 'รองผู้อำนวยการ  ด้านอำนวยการ'),
(4, 'ฝ่ายบริหารทั่วไป'),
(5, 'ธุรการ (  สารบรรณ )'),
(6, 'ธุรการ ( บริการ )'),
(7, 'ฝ่ายการเจ้าหน้าที่'),
(8, 'กลุ่มงานพัฒนาคุณภาพและมาตรฐาน'),
(9, 'ฝ่ายการเงิน'),
(10, 'ฝ่ายบัญชี'),
(11, 'สนง.จัดซื้อจัดจ้าง'),
(12, 'ฝ่ายพัสดุและบำรุงรักษา'),
(13, 'เครี่องมือแพทย์'),
(14, 'บริการงานช่าง'),
(15, 'งานอาคารสถานที่และสิ่งแวดล้อม(นิรัตน์)'),
(16, 'ช่างแอร์'),
(17, 'ช่างไฟฟ้า'),
(18, 'ช่างประปา  - ช่างท่อ'),
(19, 'ช่างไม้เหล็ก'),
(20, 'ช่างโทรศัพท์'),
(21, 'หน่วยจ่ายกลาง'),
(22, 'ซักฟอก'),
(23, 'ตึกสงฆ์'),
(24, 'โภชนาศาสตร์'),
(25, 'ชลาทิศ 1 (ชาย 1 )'),
(26, 'ไฟไหม้น้ำร้อนลวก'),
(27, 'ชลาทิศ 2'),
(28, 'ชลาทิศ 3'),
(29, 'ไอ.ซี.ยู. ( PICU )'),
(30, 'ชลาทิศ 4'),
(31, 'ชลาธาร 1 ( ชาย 1 )'),
(32, 'ชลาธาร 2 ( ศัลยกรรมกระดูกหญิง )'),
(33, 'ชลาธาร 3 ( ตา หู คอ จมูก หญิง )'),
(34, 'ชลาธาร 4 ( ตา หู คอ จมูก ชาย )'),
(35, 'ธารน้ำใจ 1'),
(36, 'ธารน้ำใจ 2'),
(37, 'ธารน้ำใจ 3'),
(38, 'ธารน้ำใจ 4'),
(39, 'ชลาทรล่าง'),
(40, 'ชลาทรบน'),
(41, 'เดย์แคร์'),
(42, 'ศูนย์โรคหัวใจ'),
(43, 'หน่วยรักษาความปลอดภัย'),
(44, 'ชลารักษ์ 1 ( OR สูติ )'),
(45, 'ชลารักษ์ 1 ( ห้องคลอด )'),
(46, 'ชลารักษ์ 2 ( กลุ่มงานสูติ )'),
(47, 'โอ.พี.ดี. สูติ'),
(48, 'ชลารักษ์ 3 ( พิเศษหลังคลอด )'),
(49, 'ชลารักษ์ 3 (  Sicknewborn )'),
(50, 'ชลารักษ์ 4 ( นรีเวช )'),
(51, 'กุมาร 3 (  N.I.C.U. )'),
(52, 'กลุ่มงานจิตเวช'),
(53, 'โอ.พี.ดี. จิตเวช'),
(54, 'กลุ่มงานผู้ป่วยนอก'),
(55, 'โอ.พี.ดี. ตรวจโรคอายุรกรรม'),
(56, 'ห้องอัลตร้าซาวด์'),
(57, 'ห้องตรวจทางเดินอาหาร'),
(58, 'ห้องตรวจหัวใจ'),
(59, 'กลุ่มงานเภสัชกรรม'),
(60, 'งานบริหาร'),
(61, 'งานจัดการคลังเวชภัณฑ์ (คลังยา)'),
(62, 'งานคัดเลือกและจัดหายา ? เวชภัณฑ์'),
(63, 'งานผลิตยา'),
(64, 'งานบริบาลเภสัชกรรม'),
(65, 'งานคลินิกบริการจ่ายยาผู้ป่วยนอก'),
(66, 'งานคลินิกบริการจ่ายยาผู้ป่วยใน(นอกเวลา)'),
(67, 'ทันตกรรม'),
(68, 'แมกซิโลเฟเชียล'),
(69, 'กลุ่มงานโสตฯ (โอ.พี.ดี. หู คอ จมูก)'),
(70, 'โอ.พี.ดี.กายภาพบำบัด'),
(71, 'กลุ่มงานจักษุวิทยา'),
(72, 'กลุ่มงานศัลยกรรม'),
(73, 'ไอ.ซี.ยู. ศัลยกรรม'),
(74, 'ฉ. 8'),
(75, 'ฉ. 7'),
(76, 'ฉ. 6 ( อาร์ . ซี. ยู. )'),
(77, 'ศัลยกรรมเด็ก'),
(78, 'กลุ่มงานวิสัญญี'),
(79, 'ห้องผ่าตัด'),
(80, 'วิสัญญีพยาบาล'),
(81, 'กลุ่มงานเทคนิคการแพทย์'),
(82, 'น้ำเหลืองวิทยา'),
(83, 'กาชาด'),
(84, 'กลุ่มงานรังสีวิทยา'),
(85, 'กลุ่มงานพยาธิวิทยา'),
(86, 'กลุ่มงานศูนย์อุบัติเหตุเวชศาสตร์ฉุกเฉินและนิติเวช'),
(87, 'งานวิทยุ'),
(88, 'งานนิติเวช'),
(89, 'กลุ่มงานสุขศึกษา'),
(90, 'กลุ่มงานกุมารเวชกรรม'),
(91, 'กลุ่มการพยาบาล'),
(92, 'เคหะการ'),
(93, 'กลุ่มงานประชาสัมพันธ์และบริการทั่วไป'),
(94, 'โทรศัพท์ ( โอเปอร์เรเตอร์ )'),
(95, 'ศูนย์คอมพิวเตอร์'),
(96, 'ยานพาหนะ'),
(97, 'กระดูกชาย'),
(98, 'กลุ่มงานศัลยกรรมออร์โธปิดิกส์'),
(99, 'งานเวชกรรมสังคม'),
(100, 'โรงพยาบาลเมืองชลบุรี'),
(101, 'กลุ่มงานอาชีวเวชกรรม'),
(102, 'กลุ่มงานประกันสุขภาพและสวัสดิการสังคม'),
(103, 'พ.ร.บ.'),
(104, 'ศูนย์สิทธิบัตร'),
(105, 'ศูนย์ประกันสังคม'),
(106, 'คลินิกนิรนาม'),
(107, 'กลุ่มงานฝึกอบรมและพัฒนาบุคลากรและวิจัย'),
(108, 'เวชนิทัศน์'),
(109, 'ห้องสมุด'),
(110, 'เวชระเบียน'),
(111, 'องค์กรแพทย์'),
(112, 'กลุ่มงานฝึกอบรมพัฒนาบุคลากร ทางการแพทย์ (ศูนย์แพทย์ฯ)'),
(113, 'สก. 1  ( ไตเทียม )'),
(114, 'สก. 2  ( ไอ.ซี.ยู )'),
(115, 'สก. 3  (อายุรกรรมชาย )'),
(116, 'สก. 4   (อายุรกรรมชาย )'),
(117, 'สก. 5   (อายุรกรรมหญิง )'),
(118, 'สก. 6  ( พิเศษอายุรกรรม )'),
(119, 'สก. 7  ( กลุ่มงานอายุรกรรม )'),
(120, 'งานป้องกันและควบคุมการติดเชื้อในโรงพยาบาลชลบุรี ( ไอ.ซี. )'),
(121, 'กลุ่มงานยุทธศาสตร์'),
(122, 'กลุ่มงานการแพทย์แผนไทยและแพทย์ทางเลือก'),
(123, 'ห้องสวนหัวใจ'),
(124, 'โอ.พี.ดี. กระดูก'),
(125, 'เครื่องสำรองช่างศูนย์คอม/ส่งบริษัท'),
(128, 'โอ.พี.ดี จักษุ'),
(129, 'โอ.พี.ดี. เด็ก'),
(130, 'เชลล์วิทยา'),
(131, 'เวชระเบียนชั้น2'),
(132, 'อีอาร์ (ER)'),
(133, 'โอ.พี.ดี.เวชกรรมฟื้นฟู'),
(134, 'ห้องสบายใจ'),
(135, 'ห้องตรวจ OPD 39'),
(136, 'ห้องตรวจ OPD 41'),
(137, 'พัสดุชั้น5'),
(138, 'พัสดุชั้น6'),
(139, 'การเงินใน'),
(140, 'ห้องวินิจฉัยเชื้อ (ฉ.3)'),
(141, 'ห้องคุ้มครองผู้บริโภคและอาชีวอนามัย (ฉ.3)'),
(142, 'งานคลังเลือด'),
(143, 'โอ.พี.ดี. นารีเวช'),
(144, 'รองผู้อำนวยการฝ่ายบริหารงานทั่วไป'),
(145, 'สำนักงานกุมาร'),
(146, 'ฉ9'),
(147, 'สนง.เลขาผู้อำนวยการ'),
(148, 'โอ.พี.ดี. ตรวจโรคศัลยกรรม'),
(149, 'สำนักงานสูตินารีเวช'),
(150, 'ห้องยาใน'),
(151, 'ห้องมูลนิธิ'),
(152, 'ศูนย์อณูชีววิทยา(ฉ.3)'),
(153, 'ห้องจุลทรรศาสตร์(ฉ.3)'),
(154, 'ห้องภูมิคุ้มกัน(ฉ.3)'),
(155, 'ห้องนวดแผนไทย'),
(156, 'ห้องเคมีคลีนิค(ฉ.3)'),
(157, 'ห้องฉีดยาและทำแผล'),
(158, 'ห้องสังคมสงเคราะห์'),
(159, 'ห้องเรียนเด็กป่วย'),
(160, 'การเงินชั้น2 opd'),
(161, 'หอผู้ป่วยจิตเวช'),
(162, 'ห้องเก็บเงิน X-Ray'),
(163, 'ห้อง server'),
(164, 'ห้องยานอก'),
(165, 'แจ้งเกิดแจ้งตาย'),
(166, 'ร้านค้าไปรษณีย์'),
(167, 'ห้องดมยา (ฉ.4)'),
(168, 'ห้องบัตร ER'),
(169, 'ศูนย์มะเร็ง'),
(170, 'โอ.พี.ดี. แล็บ'),
(171, 'โอ.พี.ดี. ประกันสังคม'),
(172, 'โอ.พี.ดี. ผิวหนัง'),
(173, 'ฉ. 1'),
(174, 'ลดความแออัด'),
(175, 'ตึกอำนวยการชั้น 2'),
(176, 'เบิกจ่ายตรง'),
(177, 'ศูนย์พิทักษ์เด็กและสตรี (OSCC)'),
(178, 'บำบัดน้ำเสีย'),
(179, 'ร้านยามูลนิธิ'),
(180, 'ร้านค้าสวัสดิการ'),
(181, 'สำนักงานผู้ป่วยนอก'),
(182, 'กิจกรรมบำบัด'),
(183, 'ห้องคีเลชั่น'),
(184, 'ห้องฝังเข็ม'),
(185, 'ศูนย์จำหน่ายและเรียกเก็บ'),
(186, 'ศูนย์มิตรภาพบำบัด'),
(189, 'กุมารเวชกรรม ชั้น 4'),
(190, 'ห้องนวดใหม่'),
(191, 'เอ็กซเรย์'),
(192, 'OPD เคมีบำบัด'),
(193, 'OPD ผ่าตัด'),
(194, 'รักษาความปลอดภัย'),
(195, 'ห้องเก็บเงินกุมาร'),
(196, 'กุมารเวชกรรม ชั้น 1'),
(197, 'เคมีบำบัด'),
(198, 'opd สูติ'),
(204, 'องกร'),
(205, 'องกรณ์แพทย์'),
(206, 'ห้องยาในใต้ตึก สก.'),
(207, 'การเงินในใต้ตึก สก.'),
(208, 'ศูนย์ Refer'),
(210, 'กุมารเวชกรรม ชั้น 5'),
(211, 'สก. 5   (อายุรกรรมหญิง )'),
(212, 'สำนักงานประกันสังคม'),
(213, 'สำนักงานอายุกรรม'),
(214, 'สำนักงานจิตเวช'),
(215, 'ศูนย์ประกันสุขภาพ'),
(217, 'โอ.พี.ดี  ฝากครรภ์'),
(218, 'ชลาทรล่าง'),
(219, 'ห้องประชุม  แล็บ'),
(220, 'อาคารเภสัช'),
(221, 'สนง. การเงิน'),
(222, 'สนง.การเงิน'),
(223, 'ห้องทางเดินอาหาร(43)'),
(224, 'ห้องประชุมผู้อำนวยการ'),
(225, 'สนง.ศัลย์'),
(226, 'งานสารบรรณ'),
(228, 'รพ.เมือง'),
(229, 'ห้องยากุมารชั้น 2'),
(230, 'GT'),
(231, 'GP'),
(232, 'ห้องผ่าตัด'),
(233, 'ห้องประชุมสูติ'),
(234, 'ห้องพักแพทย์ er'),
(235, 'ชลาธร ล่าง'),
(236, 'ห้องฝากครรภ์'),
(237, 'ห้องเก็บ'),
(238, 'ห้องเก็บเงินทันตกรรมชั้น 1'),
(239, 'กลุ่มงานโสตฯ (โอ.พี.ดี. หู คอ จมูก)'),
(240, 'โอ.พี.ดี หู คอ จมูก'),
(241, 'เซลล์วิทยา'),
(242, 'ศูยน์จำหน่ายและเรียกเก็บ'),
(243, 'ห้องวิทยุ'),
(244, 'กายอุปกรณ์'),
(245, 'ร.พ.เมือง'),
(247, 'ช่างเครื่องมือแพทย์'),
(248, 'ทางเดินหายใจ'),
(249, 'เบอร์ 42'),
(250, 'เบอร์ 42 ห้องตรวจคลื่นหัวใจ EKG'),
(251, 'สนง.จิตเวช'),
(252, 'สนง.IC'),
(253, 'ห้องตรวจอายุกรรม GP'),
(254, 'อนูชีววิทยา'),
(255, 'สนง อีอาร์'),
(258, 'สนง.สูติ'),
(259, 'ฉ4'),
(260, 'โอ.พี.ดี เจาะเลือด'),
(261, 'ชลารักษ์ 4 (  N.I.C.U. )'),
(263, 'คลินิกพิเศษ41'),
(264, 'สนง จักษุ'),
(265, 'ชลาธรบน'),
(266, 'สนง.ผู้ป่วยนอก'),
(267, 'คลินิกนอกเวลาชั้น 2'),
(268, 'ห้องจ่ายยาผู้่วยนอก'),
(269, 'ห้องจ่ายยาผู้ป่วยนอก'),
(270, 'กุมารเวชกรรม ชั้น 6'),
(271, 'ห้องทำแผล(นอกเวลาราชการ)'),
(272, 'ห้องตาใหม่'),
(273, 'คลินิกพิเศษนอกเวลา'),
(274, 'คลีนิกพิเศษนอกเวลาชั้น 2'),
(275, 'สนง.เภสัช'),
(276, 'OPD นอกเวลา ชั้น2'),
(277, 'กุมาร 3  ซิกนิวบอน'),
(278, 'ห้องแพทย์แพทย์ ENT'),
(279, 'ห้องพักแพทย์ ENT'),
(280, 'โอ.พี.ดี GP'),
(281, 'สนง.หู คอ จมูก'),
(282, 'สนง เวชกรรมฟื้นฟู'),
(284, 'สนง.เทคนิคการแพทย์'),
(285, 'สนง.ประกันสังคม'),
(286, 'สนง.อายุกรรม ชั้น7'),
(287, 'พรบ.'),
(288, 'สก. 1 '),
(289, 'งานสิทธิ์ และประชาสัมพันธ์'),
(290, 'ความหนาแน่นกระดูก'),
(291, 'ไอซียูศัลยกรรม'),
(292, 'ห้องอ่านฟิล์ม X-ray'),
(293, 'ห้องX-Ray'),
(294, 'งานส่งเสริมสุขภาพและป้องกันโรค'),
(295, 'icu เด็ก'),
(296, 'สนง.วิสัญญี'),
(297, 'ห้องผ่าตัดสูติ'),
(298, 'สารสนเทศ'),
(299, 'โอพีดีเด็ก'),
(300, 'ห้องบัตร ER'),
(301, 'สนง.เทคนิคการแพทย์'),
(302, 'ศูนย์แพทย์'),
(305, 'ศูนย์ประสาน'),
(307, 'ห้องประชุมชั้น9'),
(308, 'ฉ.9'),
(309, 'ห้องแบค'),
(310, 'กายอุปกรณ์'),
(311, 'ห้องตรวจหายใจ'),
(312, 'นิติการ'),
(313, 'CVT'),
(314, 'ชลาธาร3 เคมีบำบัด'),
(315, 'ชลายุวัฒน์ 3 ทิศ'),
(316, 'ชลายุวัฒน์ 4'),
(317, 'ชลายุวัฒน์ 5'),
(318, 'ชลายุวัฒน์ 2 OPD ศัลย์'),
(319, 'ห้องยานอกตึกมูลนิธิ'),
(320, 'ห้องให้เลือด'),
(321, 'ห้องส่องกล้อง'),
(322, 'ICU เด็ก'),
(323, 'CHC'),
(324, 'CD 4'),
(325, 'sick new born 2'),
(326, 'COC'),
(327, 'ห้องให้คำปรึกษา'),
(328, 'ชลธาร'),
(329, 'เคมีบำบัดใหม่'),
(330, 'ห้องยา Excellent'),
(331, 'opd เคมีบำบัด'),
(332, 'ห้องยาชลายุวัฒน์'),
(333, 'เคมีบำบัดตึกใหม่'),
(334, 'บัตรศัลย์'),
(335, 'จัดเก็บรายได้'),
(336, 'การเงินตึกใหม่'),
(337, 'คลินิคระงับปวด'),
(338, 'ARI'),
(339, 'excellent ชั้น 1'),
(340, 'excellent ชั้น 2'),
(341, 'excellent ชั้น 3'),
(342, 'excellent ชั้น 4'),
(343, 'excellent ชั้น 5'),
(344, 'excellent ชั้น 6'),
(345, 'excellent ชั้น 7'),
(346, 'excellent ชั้น 8'),
(347, 'excellent ชั้น 9');

-- --------------------------------------------------------

--
-- Table structure for table `group_kurupan`
--

CREATE TABLE `group_kurupan` (
  `id` int(11) NOT NULL,
  `Name` varchar(100) DEFAULT NULL
) ENGINE=InnoDB DEFAULT CHARSET=utf8mb4;

--
-- Dumping data for table `group_kurupan`
--

INSERT INTO `group_kurupan` (`id`, `Name`) VALUES
(0, 'ไม่มีเลขคุรุภัณฑ์'),
(1, 'มีเลขคุรุภัณฑ์');

-- --------------------------------------------------------

--
-- Table structure for table `item`
--

CREATE TABLE `item` (
  `SerialNumber` varchar(250) COLLATE utf8_unicode_ci NOT NULL COMMENT 'บาร์โค้ด',
  `FristDate` datetime NOT NULL COMMENT 'วันที่รับ',
  `GroupID` int(11) NOT NULL,
  `DeviceOfCompany` varchar(250) COLLATE utf8_unicode_ci DEFAULT NULL,
  `Onhand` int(11) NOT NULL,
  `UmCode` int(11) NOT NULL,
  `LastDate` datetime NOT NULL COMMENT 'วันที่ล่าสุด ที่กระทำกับสินค้า',
  `ID_Kurupan` int(11) NOT NULL,
  `KurupanNumber` varchar(100) COLLATE utf8_unicode_ci DEFAULT NULL
) ENGINE=InnoDB DEFAULT CHARSET=utf8 COLLATE=utf8_unicode_ci COMMENT='สินค้า';

--
-- Dumping data for table `item`
--

INSERT INTO `item` (`SerialNumber`, `FristDate`, `GroupID`, `DeviceOfCompany`, `Onhand`, `UmCode`, `LastDate`, `ID_Kurupan`, `KurupanNumber`) VALUES
('2559000000339', '2016-09-15 09:42:39', 32, '-', 1, 1, '2016-09-15 09:42:39', 1, '1212'),
('2559000000346', '2016-09-15 09:35:47', 31, '-', 1, 1, '2016-09-15 09:35:47', 1, '1212'),
('2559000000414', '2016-09-15 09:35:35', 31, '-', 1, 1, '2016-09-15 09:35:35', 1, '323'),
('2559000000421', '2016-09-15 09:35:30', 31, '-', 1, 1, '2016-09-15 09:35:30', 1, '32'),
('2559000000520', '2017-06-21 11:22:42', 5, '-', 1, 1, '2017-06-21 11:22:42', 0, NULL),
('2559000000537', '2017-06-21 11:22:47', 5, '-', 1, 1, '2017-06-21 11:22:47', 0, NULL),
('2559000000735', '2016-09-15 09:42:17', 32, '-', 1, 1, '2016-09-15 09:42:17', 0, NULL),
('2559000000803', '2016-09-15 09:41:57', 32, '-', 1, 1, '2016-09-15 09:41:57', 0, NULL),
('2559000000896', '2016-09-15 09:41:37', 32, '-', 1, 1, '2016-09-15 09:41:37', 0, NULL),
('2559000000902', '2016-09-15 09:41:34', 32, '-', 1, 1, '2016-09-15 09:41:34', 0, NULL),
('2559000000933', '2016-09-15 09:36:13', 31, '-', 1, 1, '2016-09-15 09:36:13', 0, NULL),
('2559000000940', '2016-09-15 09:36:11', 31, '-', 1, 1, '2016-09-15 09:36:11', 0, NULL),
('2559000001626', '2017-06-21 11:25:03', 5, '-', 1, 1, '2017-06-21 11:25:03', 0, NULL),
('2559000001657', '2017-06-21 11:26:18', 5, '-', 1, 1, '2017-06-21 11:26:18', 0, NULL),
('2559000001725', '2017-06-21 11:26:44', 5, '-', 1, 1, '2017-06-21 11:26:44', 0, NULL),
('2559000002302', '2017-06-21 11:24:38', 5, '-', 1, 1, '2017-06-21 11:24:38', 0, NULL),
('2559000002326', '2017-06-21 11:26:21', 5, '-', 1, 1, '2017-06-21 11:26:21', 0, NULL),
('2559000002333', '2017-06-21 11:24:27', 5, '-', 1, 1, '2017-06-21 11:24:27', 0, NULL),
('2559000002401', '2017-06-21 11:25:33', 5, '-', 1, 1, '2017-06-21 11:25:33', 0, NULL),
('2559000002418', '2017-06-21 11:25:39', 5, '-', 1, 1, '2017-06-21 11:25:39', 0, NULL),
('2559000002432', '2017-06-21 11:23:37', 5, '-', 1, 1, '2017-06-21 11:23:37', 0, NULL),
('2559000002449', '2017-06-21 11:25:00', 5, '-', 1, 1, '2017-06-21 11:25:00', 0, NULL),
('2559000002456', '2017-06-21 11:24:06', 5, '-', 1, 1, '2017-06-21 11:24:06', 0, NULL),
('2559000002470', '2017-06-21 11:23:43', 5, '-', 1, 1, '2017-06-21 11:23:43', 0, NULL),
('2559000002487', '2017-06-21 11:23:40', 5, '-', 1, 1, '2017-06-21 11:23:40', 0, NULL),
('2559000002494', '2017-06-21 11:24:12', 5, '-', 1, 1, '2017-06-21 11:24:12', 0, NULL),
('2559000002500', '2017-06-21 11:26:05', 5, '-', 1, 1, '2017-06-21 11:26:05', 0, NULL),
('2559000002920', '2017-06-21 11:23:22', 5, '-', 1, 1, '2017-06-21 11:23:22', 0, NULL),
('2559000002937', '2017-07-07 09:57:45', 5, '-', 1, 1, '2017-07-07 09:57:45', 0, NULL),
('2559000002944', '2017-06-21 11:23:08', 5, '-', 1, 1, '2017-06-21 11:23:08', 0, NULL),
('2559000003293', '2016-09-15 14:32:35', 23, '-', 1, 1, '2016-09-15 14:32:35', 0, NULL),
('2559000004979', '2016-09-15 14:31:44', 23, '-', 1, 1, '2016-09-15 14:31:44', 0, NULL),
('2559000004993', '2016-09-15 14:31:52', 23, '-', 1, 1, '2016-09-15 14:31:52', 0, NULL),
('2559000005211', '2016-12-08 09:33:01', 11, '-', 1, 1, '2016-12-08 09:33:01', 0, NULL),
('2560000002094', '2017-06-23 13:35:32', 28, '-', 1, 1, '2017-06-23 13:35:32', 0, NULL),
('2560000002193', '2018-01-22 09:10:35', 28, '-', 1, 1, '2018-01-22 09:10:35', 0, NULL),
('2560000004098', '2017-06-02 13:33:06', 28, '-', 1, 1, '2017-06-02 13:33:06', 0, NULL),
('2561000001629', '2018-07-26 14:32:03', 28, '-', 1, 1, '2018-07-26 14:32:03', 0, NULL),
('2561000001735', '2018-07-26 14:28:57', 28, '-', 1, 1, '2018-07-26 14:28:57', 0, NULL),
('2561000001797', '2018-07-26 14:27:50', 28, '-', 1, 1, '2018-07-26 14:27:50', 0, NULL),
('2561000001872', '2018-07-26 14:27:29', 28, '-', 1, 1, '2018-07-26 14:27:29', 0, NULL),
('2561000002473', '2018-08-20 09:26:22', 38, '-', 1, 1, '2018-08-20 09:26:22', 0, NULL),
('2561000007614', '2019-02-04 09:46:08', 11, '-', 1, 1, '2019-02-04 09:46:08', 0, NULL),
('2561000007645', '2019-02-04 08:26:02', 11, '-', 1, 1, '2019-02-04 08:26:02', 0, NULL),
('2561000007652', '2019-02-04 08:36:26', 11, '-', 1, 1, '2019-02-04 08:36:26', 0, NULL),
('2561000007706', '2019-02-04 08:40:27', 11, '-', 1, 1, '2019-02-04 08:40:27', 0, NULL),
('2561000007720', '2019-02-04 08:40:33', 11, '-', 1, 1, '2019-02-04 08:40:33', 0, NULL),
('2561000007744', '2019-02-04 08:39:58', 11, '-', 1, 1, '2019-02-04 08:39:58', 0, NULL),
('2561000008260', '2019-02-04 10:23:51', 11, '-', 1, 1, '2019-02-04 10:23:51', 0, NULL),
('2561000008277', '2019-02-04 10:23:53', 11, '-', 1, 1, '2019-02-04 10:23:53', 0, NULL),
('2561000008314', '2019-02-04 10:25:07', 11, '-', 1, 1, '2019-02-04 10:25:07', 0, NULL),
('2561000008321', '2019-02-04 10:25:11', 11, '-', 1, 1, '2019-02-04 10:25:11', 0, NULL),
('2561000008338', '2019-02-04 10:25:13', 11, '-', 1, 1, '2019-02-04 10:25:13', 0, NULL),
('2561000008376', '2019-02-04 10:25:50', 11, '-', 1, 1, '2019-02-04 10:25:50', 0, NULL),
('2561000008383', '2019-02-04 10:25:51', 11, '-', 1, 1, '2019-02-04 10:25:51', 0, NULL),
('2561000008406', '2019-02-04 10:25:54', 11, '-', 1, 1, '2019-02-04 10:25:54', 0, NULL),
('2562000007253', '2020-01-13 15:14:52', 38, '-', 1, 1, '2020-01-13 15:14:52', 0, NULL),
('2562000009103', '2020-03-16 14:45:38', 5, '-', 1, 1, '2020-03-16 14:45:38', 0, NULL),
('2562000009110', '2020-03-16 14:45:42', 5, '-', 1, 1, '2020-03-16 14:45:42', 0, NULL),
('2562000009127', '2020-03-16 14:45:42', 5, '-', 1, 1, '2020-03-16 14:45:42', 0, NULL),
('2562000009134', '2020-03-16 14:45:44', 5, '-', 1, 1, '2020-03-16 14:45:44', 0, NULL),
('2562000009165', '2020-03-16 14:40:06', 5, '-', 1, 1, '2020-03-16 14:40:06', 0, NULL),
('2562000009172', '2020-03-16 14:40:07', 5, '-', 1, 1, '2020-03-16 14:40:07', 0, NULL),
('2562000009189', '2020-03-16 14:40:09', 5, '-', 1, 1, '2020-03-16 14:40:09', 0, NULL),
('2562000009196', '2020-03-16 14:39:48', 5, '-', 1, 1, '2020-03-16 14:39:48', 0, NULL),
('2562000009202', '2020-03-16 14:39:51', 5, '-', 1, 1, '2020-03-16 14:39:51', 0, NULL),
('2562000009219', '2020-03-16 14:39:55', 5, '-', 1, 1, '2020-03-16 14:39:55', 0, NULL),
('2562000009240', '2020-03-16 14:38:14', 5, '-', 1, 1, '2020-03-16 14:38:14', 0, NULL),
('2562000009257', '2020-03-16 14:38:18', 5, '-', 1, 1, '2020-03-16 14:38:18', 0, NULL),
('2562000009264', '2020-03-16 14:38:19', 5, '-', 1, 1, '2020-03-16 14:38:19', 0, NULL),
('2562000009288', '2020-03-16 14:38:29', 5, '-', 1, 1, '2020-03-16 14:38:29', 0, NULL),
('2562000009318', '2020-03-16 14:38:48', 5, '-', 1, 1, '2020-03-16 14:38:48', 0, NULL),
('2562000009325', '2020-08-27 09:40:36', 5, '-', 1, 1, '2020-08-27 09:40:36', 0, NULL),
('2562000009332', '2020-03-16 14:38:53', 5, '-', 1, 1, '2020-03-16 14:38:53', 0, NULL),
('2562000009349', '2020-03-16 14:46:33', 5, '-', 1, 1, '2020-03-16 14:46:33', 0, NULL),
('2562000009356', '2020-03-16 14:46:35', 5, '-', 1, 1, '2020-03-16 14:46:35', 0, NULL),
('2562000009363', '2020-03-16 14:46:37', 5, '-', 1, 1, '2020-03-16 14:46:37', 0, NULL),
('2562000009370', '2020-03-16 14:46:38', 5, '-', 1, 1, '2020-03-16 14:46:38', 0, NULL),
('2562000009448', '2020-03-16 14:46:31', 5, '-', 1, 1, '2020-03-16 14:46:31', 0, NULL),
('2562000009479', '2020-03-16 14:41:19', 5, '-', 1, 1, '2020-03-16 14:41:19', 0, NULL),
('2562000009486', '2020-03-16 14:41:23', 5, '-', 1, 1, '2020-03-16 14:41:23', 0, NULL),
('2562000009493', '2020-03-16 14:41:27', 5, '-', 1, 1, '2020-03-16 14:41:27', 0, NULL),
('2563000000237', '2020-03-19 13:58:51', 38, '-', 1, 1, '2020-03-19 13:58:51', 0, NULL),
('2563000000411', '2020-03-19 13:59:02', 38, '-', 1, 1, '2020-03-19 13:59:02', 0, NULL),
('2563000000503', '2020-03-19 13:59:49', 38, '-', 1, 1, '2020-03-19 13:59:49', 0, NULL),
('2563000000862', '2020-04-13 10:41:26', 36, '-', 1, 1, '2020-04-13 10:41:26', 0, NULL),
('2563000000886', '2020-04-13 10:41:28', 36, '-', 1, 1, '2020-04-13 10:41:28', 0, NULL),
('2563000000893', '2020-04-13 10:41:30', 36, '-', 1, 1, '2020-04-13 10:41:30', 0, NULL),
('2563000000916', '2020-04-13 10:41:16', 36, '-', 1, 1, '2020-04-13 10:41:16', 0, NULL),
('2563000000930', '2020-04-13 10:41:19', 36, '-', 1, 1, '2020-04-13 10:41:19', 0, NULL),
('2563000000954', '2020-04-13 10:41:23', 36, '-', 1, 1, '2020-04-13 10:41:23', 0, NULL),
('2563000000961', '2020-04-13 10:41:32', 36, '-', 1, 1, '2020-04-13 10:41:32', 0, NULL),
('2563000000978', '2020-04-13 10:41:34', 36, '-', 1, 1, '2020-04-13 10:41:34', 0, NULL),
('2563000001029', '2020-04-13 10:41:05', 36, '-', 1, 1, '2020-04-13 10:41:05', 0, NULL),
('2563000001036', '2020-04-13 10:41:08', 36, '-', 1, 1, '2020-04-13 10:41:08', 0, NULL),
('2563000001043', '2020-04-13 10:41:10', 36, '-', 1, 1, '2020-04-13 10:41:10', 0, NULL),
('2563000001050', '2020-04-13 10:41:12', 36, '-', 1, 1, '2020-04-13 10:41:12', 0, NULL),
('2563000001067', '2020-04-13 10:41:14', 36, '-', 1, 1, '2020-04-13 10:41:14', 0, NULL),
('2563000001548', '2020-05-25 14:33:14', 39, '-', 1, 1, '2020-05-25 14:33:14', 0, NULL),
('2563000001562', '2020-05-25 14:33:17', 39, '-', 1, 1, '2020-05-25 14:33:17', 0, NULL),
('2563000007311', '2020-10-06 15:01:00', 8, '-', 1, 1, '2020-10-06 15:01:00', 0, NULL),
('2564000000029', '2020-10-07 09:04:42', 8, '-', 1, 1, '2020-10-07 09:04:42', 1, '11111'),
('2564000002153', '2020-10-30 08:43:39', 39, '-', 1, 1, '2020-10-30 08:43:39', 1, '343434'),
('2564000002214', '2020-11-04 09:16:32', 28, '-', 1, 1, '2020-11-04 09:16:32', 1, '12122323232'),
('2564000002252', '2020-10-30 08:51:47', 39, '-', 1, 1, '2020-10-30 08:51:47', 1, '2324343'),
('2564000002610', '2020-11-04 09:16:52', 28, '-', 1, 1, '2020-11-04 09:16:52', 1, 'qweqw'),
('2564000002696', '2020-11-04 09:16:44', 28, '-', 1, 1, '2020-11-04 09:16:44', 1, 'qwe'),
('2564000002740', '2020-11-04 09:16:19', 28, '-', 1, 1, '2020-11-04 09:16:19', 1, '1212'),
('2564000002849', '2020-11-04 09:19:19', 28, '-', 1, 1, '2020-11-04 09:19:19', 1, '12122323'),
('2564000002856', '2020-11-04 09:19:21', 28, '-', 1, 1, '2020-11-04 09:19:21', 1, '121212'),
('2564000002924', '2020-10-30 08:52:23', 39, '-', 1, 1, '2020-10-30 08:52:23', 1, '12123'),
('2564000003563', '2021-02-24 10:10:02', 7, '-', 1, 1, '2021-02-24 10:10:02', 1, '323'),
('2564000003587', '2021-02-24 10:09:52', 7, '-', 1, 1, '2021-02-24 10:09:52', 1, '12122/2'),
('2564000003594', '2021-02-24 10:09:54', 7, '-', 1, 1, '2021-02-24 10:09:54', 1, '221'),
('2564000003679', '2021-02-24 10:10:55', 7, '-', 1, 1, '2021-02-24 10:10:55', 1, '3434'),
('2564000004089', '2021-02-24 10:39:07', 9, '-', 1, 1, '2021-02-24 10:39:07', 1, '4343'),
('2564000004126', '2021-02-24 10:38:43', 9, '-', 1, 1, '2021-02-24 10:38:43', 1, ''),
('2564000004218', '2021-02-24 10:09:03', 7, '-', 1, 1, '2021-02-24 10:09:03', 1, '1212'),
('2564000004270', '2021-02-24 10:09:00', 7, '-', 1, 1, '2021-02-24 10:09:00', 1, '323'),
('2564000005062', '2021-02-25 09:32:20', 42, '-', 1, 1, '2021-02-25 09:32:20', 1, '3423423'),
('2564000005079', '2021-02-25 09:32:22', 42, '-', 1, 1, '2021-02-25 09:32:22', 1, '3434234342'),
('2564000005086', '2021-02-25 09:32:24', 42, '-', 1, 1, '2021-02-25 09:32:24', 1, '1212'),
('2564000005109', '2021-02-25 09:32:09', 42, '-', 1, 1, '2021-02-25 09:32:09', 1, '3434'),
('2564000005116', '2021-02-25 09:32:11', 42, '-', 1, 1, '2021-02-25 09:32:11', 1, '3434'),
('2564000005130', '2021-02-25 09:31:43', 42, '-', 1, 1, '2021-02-25 09:31:43', 1, '3434'),
('2564000005147', '2021-02-25 09:31:45', 42, '-', 1, 1, '2021-02-25 09:31:45', 1, '434'),
('2564000005154', '2021-02-25 09:31:46', 42, '-', 1, 1, '2021-02-25 09:31:46', 1, '23423'),
('2564000005161', '2021-02-25 09:31:48', 42, '-', 1, 1, '2021-02-25 09:31:48', 1, '23423'),
('2564000005178', '2021-02-25 09:31:50', 42, '-', 1, 1, '2021-02-25 09:31:50', 1, '434'),
('2564000005208', '2021-02-25 09:32:06', 42, '-', 1, 1, '2021-02-25 09:32:06', 1, '3434'),
('2564000005222', '2021-02-25 09:31:33', 42, '-', 1, 1, '2021-02-25 09:31:33', 1, '232'),
('2564000005246', '2021-02-25 09:31:35', 42, '-', 1, 1, '2021-02-25 09:31:35', 1, '232'),
('2564000005253', '2021-02-25 09:31:22', 42, '-', 1, 1, '2021-02-25 09:31:22', 1, '32423'),
('2564000005260', '2021-02-25 09:31:24', 42, '-', 1, 1, '2021-02-25 09:31:24', 1, NULL),
('2564000005284', '2021-02-25 09:31:28', 42, '-', 1, 1, '2021-02-25 09:31:28', 1, NULL),
('2564000005482', '2021-02-25 09:33:14', 42, '-', 1, 1, '2021-02-25 09:33:14', 1, '3423423'),
('2564000005499', '2021-02-25 09:31:12', 42, '-', 1, 1, '2021-02-25 09:31:12', 1, '4343'),
('2564000005574', '2021-03-10 09:05:15', 39, '-', 1, 1, '2021-03-10 09:05:15', 1, '121'),
('2564000005703', '2021-03-10 08:29:42', 8, '-', 1, 1, '2021-03-10 08:29:42', 1, '3434334'),
('2564000005727', '2021-03-10 08:51:59', 8, '-', 1, 1, '2021-03-10 08:51:59', 1, '3434334'),
('2564000005758', '2021-03-10 08:29:16', 8, '-', 1, 1, '2021-03-10 08:29:16', 1, '34343'),
('2564000005802', '2021-03-10 08:18:40', 7, '-', 1, 1, '2021-03-10 08:18:40', 1, '3434334'),
('2564000005864', '2021-03-10 09:10:19', 38, '-', 1, 1, '2021-03-10 09:10:19', 1, '121'),
('2564000006069', '2021-03-30 15:31:30', 38, '-', 1, 1, '2021-03-30 15:31:30', 1, '323'),
('2564000006465', '2021-03-10 10:10:03', 8, '-', 1, 1, '2021-03-10 10:10:03', 1, '323'),
('2564000006809', '2021-03-30 15:32:04', 38, '-', 1, 1, '2021-03-30 15:32:04', 1, '323'),
('2564000006991', '2021-03-10 08:55:25', 8, '-', 1, 1, '2021-03-10 08:55:25', 1, '09'),
('2564000007004', '2021-03-10 08:55:00', 8, '-', 1, 1, '2021-03-10 08:55:00', 1, '//'),
('2564000007134', '2021-04-08 14:06:15', 39, '-', 1, 1, '2021-04-08 14:06:15', 1, '555');

-- --------------------------------------------------------

--
-- Table structure for table `item_group`
--

CREATE TABLE `item_group` (
  `GroupID` int(11) NOT NULL,
  `GroupName` varchar(250) COLLATE utf8_unicode_ci NOT NULL
) ENGINE=InnoDB DEFAULT CHARSET=utf8 COLLATE=utf8_unicode_ci COMMENT='กลุ่มของสินค้า';

--
-- Dumping data for table `item_group`
--

INSERT INTO `item_group` (`GroupID`, `GroupName`) VALUES
(1, 'Harddisk'),
(2, 'Ram DDR 2'),
(3, 'CPU'),
(4, 'เมนบอร์ด'),
(5, 'การ์ดแลน'),
(6, 'Power supple'),
(7, 'Battery of UPS'),
(8, 'Key board USB'),
(9, 'mouse USB'),
(10, 'ถ่านไบอ๊อด'),
(11, 'CD/DVD Rom'),
(12, 'Moniter'),
(13, 'Printer'),
(14, 'Barcode Reader'),
(15, 'switch/hum'),
(16, 'Notebook'),
(17, 'Access point'),
(18, 'Projector'),
(19, 'ลำโพง/ไมรโครโฟน'),
(20, 'Switching'),
(21, 'สายแลน'),
(22, 'หัว RJ 45/11'),
(23, 'UPS'),
(24, 'ตลับหมึก'),
(25, 'ปลั๊กไฟ'),
(26, 'mouse หัวกลม'),
(27, 'Key board หัวกลม'),
(28, 'Ram DDR 3'),
(29, 'การ์ดจอ 750 TIPH'),
(30, 'การ์ดจอ 730'),
(31, 'Case Intel I7'),
(32, 'Case Intel PDC'),
(33, 'เครื่องอ่านสมาร์ทการ์ด'),
(34, 'เครื่องสแกนลายนิ้วมือ'),
(35, 'เครื่องสแกนเนอร์'),
(36, 'การ์ดแลน D-Link'),
(37, 'Keyboard ไร้สาย'),
(38, 'DDR4 PC4'),
(39, 'HDD SSD'),
(40, 'การ์ดจอ 710'),
(41, 'สายชาร์ต USB'),
(42, 'wireless ad 1200');

-- --------------------------------------------------------

--
-- Table structure for table `loan_Item`
--

CREATE TABLE `loan_Item` (
  `idx` int(11) NOT NULL,
  `KurupanNumber` varchar(100) NOT NULL,
  `Name` varchar(100) NOT NULL,
  `LoanDate` date NOT NULL,
  `DepartmentID` int(11) NOT NULL,
  `Status` int(11) NOT NULL,
  `ItemName` varchar(100) DEFAULT NULL
) ENGINE=InnoDB DEFAULT CHARSET=utf8mb4;

--
-- Dumping data for table `loan_Item`
--

INSERT INTO `loan_Item` (`idx`, `KurupanNumber`, `Name`, `LoanDate`, `DepartmentID`, `Status`, `ItemName`) VALUES
(26, '1212', 'edwe', '2022-06-20', 324, 1, 'ข้าว'),
(33, '12121', '121', '2022-06-20', 324, 1, 'แกงส้ม'),
(34, '121212', '1212', '2022-06-24', 340, 1, 'ปลาทอด'),
(3, '223', '2323', '2022-06-28', 3232, 32323, NULL),
(35, '70', 'joj', '2022-06-22', 338, 1, 'แกงไก่');

-- --------------------------------------------------------

--
-- Table structure for table `location`
--

CREATE TABLE `location` (
  `LocID` int(11) NOT NULL,
  `LocName` varchar(250) COLLATE utf8_unicode_ci NOT NULL
) ENGINE=InnoDB DEFAULT CHARSET=utf8 COLLATE=utf8_unicode_ci COMMENT='ที่เก็บสินค้า';

--
-- Dumping data for table `location`
--

INSERT INTO `location` (`LocID`, `LocName`) VALUES
(1, 'ตู้เก็บอุปกรณ์'),
(2, 'ห้องด้านหลัง');

-- --------------------------------------------------------

--
-- Table structure for table `login`
--

CREATE TABLE `login` (
  `UserID` varchar(250) COLLATE utf8_unicode_ci NOT NULL,
  `Password` varchar(250) COLLATE utf8_unicode_ci NOT NULL,
  `FristName` varchar(250) COLLATE utf8_unicode_ci NOT NULL,
  `LastName` varchar(250) COLLATE utf8_unicode_ci NOT NULL
) ENGINE=InnoDB DEFAULT CHARSET=utf8 COLLATE=utf8_unicode_ci COMMENT='เข้าสู่ระบบ';

--
-- Dumping data for table `login`
--

INSERT INTO `login` (`UserID`, `Password`, `FristName`, `LastName`) VALUES
('0com', 'verify', 'ศูนย์คอมฯ', 'ศูนย์คอมฯ'),
('bank', 'bank', 'bank', 'bank'),
('di', 'di', 'di', 'bbb');

-- --------------------------------------------------------

--
-- Stand-in structure for view `onhand`
-- (See below for the actual view)
--
CREATE TABLE `onhand` (
`GroupName` varchar(250)
,`Onhand` decimal(32,0)
);

-- --------------------------------------------------------

--
-- Table structure for table `person`
--

CREATE TABLE `person` (
  `Id` int(11) NOT NULL,
  `FristName` varchar(250) COLLATE utf8_unicode_ci NOT NULL,
  `LastName` varchar(250) COLLATE utf8_unicode_ci NOT NULL
) ENGINE=InnoDB DEFAULT CHARSET=utf8 COLLATE=utf8_unicode_ci;

--
-- Dumping data for table `person`
--

INSERT INTO `person` (`Id`, `FristName`, `LastName`) VALUES
(0, 'ณรงค์', 'บุญเกิด'),
(806, 'ชลอ', 'ยังให้ผล'),
(1879, 'นฤบดี', 'ธุระกิจ'),
(1881, 'สุชาดา', 'นาคเดช'),
(1922, 'ศราวุฬ', 'เจริญแพทย์'),
(1954, 'ฐานิตา', 'ฐิติสุนทรลักษณ์'),
(1978, 'นพดล', 'เต็มปลื้ม'),
(2535, 'ณัฐพงศ์', 'เสียงสังข์'),
(2536, 'ตรีธวัทศ์', 'พีรภาสวรานนท์'),
(2569, 'เกศมณี', 'แซ่อึ๊ง'),
(3007, 'อรรถพล', 'เซี่ยงใช่'),
(3074, 'กมลวรรณ', 'เมฆฉ่ำ'),
(3275, 'ชาญวิทย์', 'ชัยสุริยะพันธ์'),
(3289, 'กาญจนา', 'โพธิ์เล็ก'),
(3511, 'จตุพร', 'พงษ์ประศาสน์'),
(9248, 'ศิริรัตน์', 'ราชสมบูรณ์'),
(9475, 'อธิพงศ์', 'เอี๊ยบกงไชย');

-- --------------------------------------------------------

--
-- Table structure for table `stock_report_view`
--

CREATE TABLE `stock_report_view` (
  `fristname` varchar(250) DEFAULT NULL,
  `date` datetime DEFAULT NULL,
  `groupname` varchar(250) DEFAULT NULL,
  `departmentname` varchar(250) DEFAULT NULL,
  `KurupanNumber` varchar(250) DEFAULT NULL,
  `SerialNumber` varchar(250) DEFAULT NULL
) ENGINE=InnoDB DEFAULT CHARSET=utf8mb4;

-- --------------------------------------------------------

--
-- Table structure for table `store`
--

CREATE TABLE `store` (
  `StoreID` int(11) NOT NULL,
  `StoreName` varchar(250) COLLATE utf8_unicode_ci NOT NULL
) ENGINE=InnoDB DEFAULT CHARSET=utf8 COLLATE=utf8_unicode_ci COMMENT='คลังสินค้า';

--
-- Dumping data for table `store`
--

INSERT INTO `store` (`StoreID`, `StoreName`) VALUES
(1, 'ศูนย์คอมพิวเตอร์');

-- --------------------------------------------------------

--
-- Table structure for table `transaction`
--

CREATE TABLE `transaction` (
  `Id` int(11) NOT NULL,
  `SerialNumber` varchar(250) COLLATE utf8_unicode_ci NOT NULL,
  `KurupanNumber` varchar(250) COLLATE utf8_unicode_ci DEFAULT NULL,
  `TypeID` varchar(1) COLLATE utf8_unicode_ci NOT NULL,
  `DepartmentID` int(11) DEFAULT NULL,
  `Date` datetime NOT NULL,
  `GroupID` int(11) NOT NULL,
  `DeviceOfCompany` varchar(250) COLLATE utf8_unicode_ci DEFAULT NULL,
  `StoreID` int(11) NOT NULL,
  `LocID` int(11) NOT NULL,
  `ToStoreID` int(11) DEFAULT NULL,
  `ToLocID` int(11) DEFAULT NULL,
  `PersonID` int(11) DEFAULT NULL
) ENGINE=InnoDB DEFAULT CHARSET=utf8 COLLATE=utf8_unicode_ci;

--
-- Dumping data for table `transaction`
--

INSERT INTO `transaction` (`Id`, `SerialNumber`, `KurupanNumber`, `TypeID`, `DepartmentID`, `Date`, `GroupID`, `DeviceOfCompany`, `StoreID`, `LocID`, `ToStoreID`, `ToLocID`, `PersonID`) VALUES
(1, '2559000000919', NULL, 'R', 0, '2016-10-01 00:00:00', 31, '-', 1, 1, 0, 0, 0),
(2, '2559000000421', NULL, 'R', 0, '2016-10-01 00:00:00', 31, '-', 1, 1, 0, 0, 0),
(3, '2559000000414', NULL, 'R', 0, '2016-10-01 00:00:00', 31, '-', 1, 1, 0, 0, 0),
(4, '2559000000384', NULL, 'R', 0, '2016-10-01 00:00:00', 31, '-', 1, 1, 0, 0, 0),
(5, '2559000000377', NULL, 'R', 0, '2016-10-01 00:00:00', 31, '-', 1, 1, 0, 0, 0),
(6, '2559000000360', NULL, 'R', 0, '2016-10-01 00:00:00', 31, '-', 1, 1, 0, 0, 0),
(7, '2559000000346', NULL, 'R', 0, '2016-10-01 00:00:00', 31, '-', 1, 1, 0, 0, 0),
(8, '2559000000018', NULL, 'R', 0, '2016-10-01 00:00:00', 31, '-', 1, 1, 0, 0, 0),
(9, '2559000000025', NULL, 'R', 0, '2016-10-01 00:00:00', 31, '-', 1, 1, 0, 0, 0),
(10, '2559000001008', NULL, 'R', 0, '2016-10-01 00:00:00', 31, '-', 1, 1, 0, 0, 0),
(11, '2559000000995', NULL, 'R', 0, '2016-10-01 00:00:00', 31, '-', 1, 1, 0, 0, 0),
(12, '2559000000988', NULL, 'R', 0, '2016-10-01 00:00:00', 31, '-', 1, 1, 0, 0, 0),
(13, '2559000000971', NULL, 'R', 0, '2016-10-01 00:00:00', 31, '-', 1, 1, 0, 0, 0),
(14, '2559000000964', NULL, 'R', 0, '2016-10-01 00:00:00', 31, '-', 1, 1, 0, 0, 0),
(15, '2559000000940', NULL, 'R', 0, '2016-10-01 00:00:00', 31, '-', 1, 1, 0, 0, 0),
(16, '2559000000933', NULL, 'R', 0, '2016-10-01 00:00:00', 31, '-', 1, 1, 0, 0, 0),
(17, '2559000000926', NULL, 'R', 0, '2016-10-01 00:00:00', 31, '-', 1, 1, 0, 0, 0),
(18, '2559000000865', NULL, 'R', 0, '2016-10-01 00:00:00', 32, '-', 1, 1, 0, 0, 0),
(19, '2559000000902', NULL, 'R', 0, '2016-10-01 00:00:00', 32, '-', 1, 1, 0, 0, 0),
(20, '2559000000896', NULL, 'R', 0, '2016-10-01 00:00:00', 32, '-', 1, 1, 0, 0, 0),
(21, '2559000000834', NULL, 'R', 0, '2016-10-01 00:00:00', 32, '-', 1, 1, 0, 0, 0),
(22, '2559000000841', NULL, 'R', 0, '2016-10-01 00:00:00', 32, '-', 1, 1, 0, 0, 0),
(23, '2559000000889', NULL, 'R', 0, '2016-10-01 00:00:00', 32, '-', 1, 1, 0, 0, 0),
(24, '2559000000872', NULL, 'R', 0, '2016-10-01 00:00:00', 32, '-', 1, 1, 0, 0, 0),
(25, '2559000000827', NULL, 'R', 0, '2016-10-01 00:00:00', 32, '-', 1, 1, 0, 0, 0),
(26, '2559000000810', NULL, 'R', 0, '2016-10-01 00:00:00', 32, '-', 1, 1, 0, 0, 0),
(27, '2559000000803', NULL, 'R', 0, '2016-10-01 00:00:00', 32, '-', 1, 1, 0, 0, 0),
(28, '2559000000797', NULL, 'R', 0, '2016-10-01 00:00:00', 32, '-', 1, 1, 0, 0, 0),
(29, '2559000000780', NULL, 'R', 0, '2016-10-01 00:00:00', 32, '-', 1, 1, 0, 0, 0),
(30, '2559000000773', NULL, 'R', 0, '2016-10-01 00:00:00', 32, '-', 1, 1, 0, 0, 0),
(31, '2559000000766', NULL, 'R', 0, '2016-10-01 00:00:00', 32, '-', 1, 1, 0, 0, 0),
(32, '2559000000742', NULL, 'R', 0, '2016-10-01 00:00:00', 32, '-', 1, 1, 0, 0, 0),
(33, '2559000000735', NULL, 'R', 0, '2016-10-01 00:00:00', 32, '-', 1, 1, 0, 0, 0),
(34, '2559000000728', NULL, 'R', 0, '2016-10-01 00:00:00', 32, '-', 1, 1, 0, 0, 0),
(35, '2559000000711', NULL, 'R', 0, '2016-10-01 00:00:00', 32, '-', 1, 1, 0, 0, 0),
(36, '2559000000704', NULL, 'R', 0, '2016-10-01 00:00:00', 32, '-', 1, 1, 0, 0, 0),
(37, '2559000000698', NULL, 'R', 0, '2016-10-01 00:00:00', 32, '-', 1, 1, 0, 0, 0),
(38, '2559000000681', NULL, 'R', 0, '2016-10-01 00:00:00', 32, '-', 1, 1, 0, 0, 0),
(39, '2559000000674', NULL, 'R', 0, '2016-10-01 00:00:00', 32, '-', 1, 1, 0, 0, 0),
(40, '2559000000667', NULL, 'R', 0, '2016-10-01 00:00:00', 32, '-', 1, 1, 0, 0, 0),
(41, '2559000000339', NULL, 'R', 0, '2016-10-01 00:00:00', 32, '-', 1, 1, 0, 0, 0),
(42, '2559000000322', NULL, 'R', 0, '2016-10-01 00:00:00', 32, '-', 1, 1, 0, 0, 0),
(43, '2559000000391', NULL, 'R', 0, '2016-10-01 00:00:00', 3, '-', 1, 1, 0, 0, 0),
(44, '2559000000407', NULL, 'R', 0, '2016-10-01 00:00:00', 3, '-', 1, 1, 0, 0, 0),
(45, '2559000000438', NULL, 'R', 0, '2016-10-01 00:00:00', 3, '-', 1, 1, 0, 0, 0),
(46, '2559000000469', NULL, 'R', 0, '2016-10-01 00:00:00', 28, '-', 1, 1, 0, 0, 0),
(47, '2559000000445', NULL, 'R', 0, '2016-10-01 00:00:00', 28, '-', 1, 1, 0, 0, 0),
(48, '2559000000490', NULL, 'R', 0, '2016-10-01 00:00:00', 28, '-', 1, 1, 0, 0, 0),
(49, '2559000000476', NULL, 'R', 0, '2016-10-01 00:00:00', 28, '-', 1, 1, 0, 0, 0),
(50, '2559000000483', NULL, 'R', 0, '2016-10-01 00:00:00', 28, '-', 1, 1, 0, 0, 0),
(51, '2559000000513', NULL, 'R', 0, '2016-10-01 00:00:00', 9, '', 1, 1, 0, 0, 0),
(52, '2559000000520', NULL, 'R', 0, '2016-10-01 00:00:00', 5, '-', 1, 1, 0, 0, 0),
(53, '2559000000568', NULL, 'R', 0, '2016-10-01 00:00:00', 5, '-', 1, 1, 0, 0, 0),
(54, '2559000000544', NULL, 'R', 0, '2016-10-01 00:00:00', 5, '-', 1, 1, 0, 0, 0),
(55, '2559000000537', NULL, 'R', 0, '2016-10-01 00:00:00', 5, '-', 1, 1, 0, 0, 0),
(56, '2559000000506', NULL, 'R', 0, '2016-10-01 00:00:00', 9, '-', 1, 1, 0, 0, 0),
(57, '2559000000643', NULL, 'R', 0, '2016-10-01 00:00:00', 6, '-', 1, 1, 0, 0, 0),
(58, '2559000000629', NULL, 'R', 0, '2016-10-01 00:00:00', 8, '-', 1, 1, 0, 0, 0),
(59, '2559000000636', NULL, 'R', 0, '2016-10-01 00:00:00', 8, '-', 1, 1, 0, 0, 0),
(60, '2559000000612', NULL, 'R', 0, '2016-10-01 00:00:00', 8, '-', 1, 1, 0, 0, 0),
(61, '2559000000605', NULL, 'R', 0, '2016-10-01 00:00:00', 8, '-', 1, 1, 0, 0, 0),
(62, '2559000000599', NULL, 'R', 0, '2016-10-01 00:00:00', 4, '-', 1, 1, 0, 0, 0),
(63, '2559000000575', NULL, 'R', 0, '2016-10-01 00:00:00', 4, '-', 1, 1, 0, 0, 0),
(64, '2559000000582', NULL, 'R', 0, '2016-10-01 00:00:00', 4, '-', 1, 1, 0, 0, 0),
(65, '2559000000032', NULL, 'R', 0, '2016-10-01 00:00:00', 3, '-', 1, 1, 0, 0, 0),
(66, '2559000000049', NULL, 'R', 0, '2016-10-01 00:00:00', 4, '-', 1, 1, 0, 0, 0),
(67, '2559000000063', NULL, 'R', 0, '2016-10-01 00:00:00', 4, '-', 1, 1, 0, 0, 0),
(68, '2559000000070', NULL, 'R', 0, '2016-10-01 00:00:00', 4, '-', 1, 1, 0, 0, 0),
(69, '2559000000087', NULL, 'R', 0, '2016-10-01 00:00:00', 4, '-', 1, 1, 0, 0, 0),
(70, '2559000000216', NULL, 'R', 0, '2016-10-01 00:00:00', 8, '-', 1, 1, 0, 0, 0),
(71, '2559000000209', NULL, 'R', 0, '2016-10-01 00:00:00', 8, '-', 1, 1, 0, 0, 0),
(72, '2559000000193', NULL, 'R', 0, '2016-10-01 00:00:00', 8, '-', 1, 1, 0, 0, 0),
(73, '2559000000186', NULL, 'R', 0, '2016-10-01 00:00:00', 8, '-', 1, 1, 0, 0, 0),
(74, '2559000000162', NULL, 'R', 0, '2016-10-01 00:00:00', 8, '-', 1, 1, 0, 0, 0),
(75, '2559000000148', NULL, 'R', 0, '2016-10-01 00:00:00', 8, '-', 1, 1, 0, 0, 0),
(76, '2559000000131', NULL, 'R', 0, '2016-10-01 00:00:00', 8, '-', 1, 1, 0, 0, 0),
(77, '2559000000124', NULL, 'R', 0, '2016-10-01 00:00:00', 8, '-', 1, 1, 0, 0, 0),
(78, '2559000000117', NULL, 'R', 0, '2016-10-01 00:00:00', 8, '-', 1, 1, 0, 0, 0),
(79, '2559000000100', NULL, 'R', 0, '2016-10-01 00:00:00', 8, '-', 1, 1, 0, 0, 0),
(80, '2559000000186', NULL, 'R', 0, '2016-10-01 00:00:00', 8, '-', 1, 1, 0, 0, 0),
(81, '2559000000193', NULL, 'R', 0, '2016-10-01 00:00:00', 8, '-', 1, 1, 0, 0, 0),
(82, '2559000000209', NULL, 'R', 0, '2016-10-01 00:00:00', 8, '-', 1, 1, 0, 0, 0),
(83, '2559000000216', NULL, 'R', 0, '2016-10-01 00:00:00', 8, '-', 1, 1, 0, 0, 0),
(84, '2559000000131', NULL, 'R', 0, '2016-10-01 00:00:00', 8, '-', 1, 1, 0, 0, 0),
(85, '2559000000148', NULL, 'R', 0, '2016-10-01 00:00:00', 8, '-', 1, 1, 0, 0, 0),
(86, '2559000000162', NULL, 'R', 0, '2016-10-01 00:00:00', 8, '-', 1, 1, 0, 0, 0),
(87, '2559000000100', NULL, 'R', 0, '2016-10-01 00:00:00', 8, '-', 1, 1, 0, 0, 0),
(88, '2559000000117', NULL, 'R', 0, '2016-10-01 00:00:00', 8, '-', 1, 1, 0, 0, 0),
(89, '2559000000124', NULL, 'R', 0, '2016-10-01 00:00:00', 8, '-', 1, 1, 0, 0, 0),
(90, '2559000000094', NULL, 'R', 0, '2016-10-01 00:00:00', 8, '-', 1, 1, 0, 0, 0),
(91, '2559000000223', NULL, 'R', 0, '2016-10-01 00:00:00', 6, '-', 1, 1, 0, 0, 0),
(92, '2559000000223', NULL, 'R', 0, '2016-10-01 00:00:00', 6, '-', 1, 1, 0, 0, 0),
(93, '2559000001107', NULL, 'R', 0, '2016-10-01 00:00:00', 9, '-', 1, 1, 0, 0, 0),
(94, '2559000001084', NULL, 'R', 0, '2016-10-01 00:00:00', 9, '-', 1, 1, 0, 0, 0),
(95, '2559000001046', NULL, 'R', 0, '2016-10-01 00:00:00', 9, '-', 1, 1, 0, 0, 0),
(96, '2559000000179', NULL, 'R', 0, '2016-10-01 00:00:00', 9, '-', 1, 1, 0, 0, 0),
(97, '2559000001015', NULL, 'R', 0, '2016-10-01 00:00:00', 9, '-', 1, 1, 0, 0, 0),
(98, '2559000001077', NULL, 'R', 0, '2016-10-01 00:00:00', 9, '-', 1, 1, 0, 0, 0),
(99, '2559000000261', NULL, 'R', 0, '2016-10-01 00:00:00', 9, '-', 1, 1, 0, 0, 0),
(100, '2559000000230', NULL, 'R', 0, '2016-10-01 00:00:00', 9, '-', 1, 1, 0, 0, 0),
(101, '2559000001060', NULL, 'R', 0, '2016-10-01 00:00:00', 9, '-', 1, 1, 0, 0, 0),
(102, '2559000000308', NULL, 'R', 0, '2016-10-01 00:00:00', 9, '-', 1, 1, 0, 0, 0),
(103, '2559000001053', NULL, 'R', 0, '2016-10-01 00:00:00', 9, '-', 1, 1, 0, 0, 0),
(104, '2559000000247', NULL, 'R', 0, '2016-10-01 00:00:00', 9, '-', 1, 1, 0, 0, 0),
(105, '2559000000285', NULL, 'R', 0, '2016-10-01 00:00:00', 9, '-', 1, 1, 0, 0, 0),
(106, '2559000000315', NULL, 'R', 0, '2016-10-01 00:00:00', 9, '-', 1, 1, 0, 0, 0),
(107, '2559000000278', NULL, 'R', 0, '2016-10-01 00:00:00', 9, '-', 1, 1, 0, 0, 0),
(108, '2559000000292', NULL, 'R', 0, '2016-10-01 00:00:00', 9, '-', 1, 1, 0, 0, 0),
(109, '2559000001022', NULL, 'R', 0, '2016-10-01 00:00:00', 9, '-', 1, 1, 0, 0, 0),
(110, '2559000001039', NULL, 'R', 0, '2016-10-01 00:00:00', 9, '-', 1, 1, 0, 0, 0),
(111, '2559000001114', NULL, 'R', 0, '2016-10-01 00:00:00', 9, '-', 1, 1, 0, 0, 0),
(112, '2559000001121', NULL, 'R', 0, '2016-10-01 00:00:00', 9, '-', 1, 1, 0, 0, 0),
(113, '2559000001138', NULL, 'R', 0, '2016-10-01 00:00:00', 9, '-', 1, 1, 0, 0, 0),
(114, '2559000001145', NULL, 'R', 0, '2016-10-01 00:00:00', 9, '-', 1, 1, 0, 0, 0),
(116, '2559000001213', NULL, 'R', 0, '2016-10-01 00:00:00', 33, '-', 1, 1, 0, 0, 0),
(117, '2559000001206', NULL, 'R', 0, '2016-10-01 00:00:00', 33, '-', 1, 1, 0, 0, 0),
(118, '2559000001176', NULL, 'R', 0, '2016-10-01 00:00:00', 33, '-', 1, 1, 0, 0, 0),
(119, '2559000001169', NULL, 'R', 0, '2016-10-01 00:00:00', 33, '-', 1, 1, 0, 0, 0),
(120, '2559000001152', NULL, 'R', 0, '2016-10-01 00:00:00', 33, '-', 1, 1, 0, 0, 0),
(121, '2559000001183', NULL, 'R', 0, '2016-10-01 00:00:00', 33, '-', 1, 1, 0, 0, 0),
(122, '2559000001190', NULL, 'R', 0, '2016-10-01 00:00:00', 33, '-', 1, 1, 0, 0, 0),
(123, '2559000001244', NULL, 'R', 0, '2016-10-01 00:00:00', 28, '-', 1, 1, 0, 0, 0),
(124, '2559000001237', NULL, 'R', 0, '2016-10-01 00:00:00', 28, '-', 1, 1, 0, 0, 0),
(125, '2559000001275', NULL, 'R', 0, '2016-10-01 00:00:00', 28, '-', 1, 1, 0, 0, 0),
(126, '2559000001268', NULL, 'R', 0, '2016-10-01 00:00:00', 28, '-', 1, 1, 0, 0, 0),
(127, '2559000001220', NULL, 'R', 0, '2016-10-01 00:00:00', 28, '-', 1, 1, 0, 0, 0),
(128, '2559000001336', NULL, 'R', 0, '2016-10-01 00:00:00', 2, '-', 1, 1, 0, 0, 0),
(129, '2559000001398', NULL, 'R', 0, '2016-10-01 00:00:00', 2, '-', 1, 1, 0, 0, 0),
(130, '2559000001381', NULL, 'R', 0, '2016-10-01 00:00:00', 2, '-', 1, 1, 0, 0, 0),
(131, '2559000001435', NULL, 'R', 0, '2016-10-01 00:00:00', 2, '-', 1, 1, 0, 0, 0),
(132, '2559000001374', NULL, 'R', 0, '2016-10-01 00:00:00', 2, '-', 1, 1, 0, 0, 0),
(133, '2559000001329', NULL, 'R', 0, '2016-10-01 00:00:00', 2, '-', 1, 1, 0, 0, 0),
(134, '2559000001404', NULL, 'R', 0, '2016-10-01 00:00:00', 2, '-', 1, 1, 0, 0, 0),
(135, '2559000001428', NULL, 'R', 0, '2016-10-01 00:00:00', 2, '-', 1, 1, 0, 0, 0),
(136, '2559000001343', NULL, 'R', 0, '2016-10-01 00:00:00', 2, '-', 1, 1, 0, 0, 0),
(137, '2559000001350', NULL, 'R', 0, '2016-10-01 00:00:00', 2, '-', 1, 1, 0, 0, 0),
(138, '2559000001367', NULL, 'R', 0, '2016-10-01 00:00:00', 2, '-', 1, 1, 0, 0, 0),
(139, '2559000001299', NULL, 'R', 0, '2016-10-01 00:00:00', 2, '-', 1, 1, 0, 0, 0),
(140, '2559000001282', NULL, 'R', 0, '2016-10-01 00:00:00', 2, '-', 1, 1, 0, 0, 0),
(141, '2559000001312', NULL, 'R', 0, '2016-10-01 00:00:00', 2, '-', 1, 1, 0, 0, 0),
(142, '2559000001305', NULL, 'R', 0, '2016-10-01 00:00:00', 2, '-', 1, 1, 0, 0, 0),
(143, '2559000001442', NULL, 'R', 0, '2016-10-01 00:00:00', 2, '-', 1, 1, 0, 0, 0),
(144, '2559000001602', NULL, 'R', 0, '2016-10-01 00:00:00', 1, '-', 1, 1, 0, 0, 0),
(145, '2559000001541', NULL, 'R', 0, '2016-10-01 00:00:00', 1, '-', 1, 1, 0, 0, 0),
(146, '2559000001565', NULL, 'R', 0, '2016-10-01 00:00:00', 1, '-', 1, 1, 0, 0, 0),
(147, '2559000001459', NULL, 'R', 0, '2016-10-01 00:00:00', 1, '-', 1, 1, 0, 0, 0),
(148, '2559000001619', NULL, 'R', 0, '2016-10-01 00:00:00', 1, '-', 1, 1, 0, 0, 0),
(149, '2559000001596', NULL, 'R', 0, '2016-10-01 00:00:00', 1, '-', 1, 1, 0, 0, 0),
(150, '2559000001534', NULL, 'R', 0, '2016-10-01 00:00:00', 1, '-', 1, 1, 0, 0, 0),
(151, '2559000001558', NULL, 'R', 0, '2016-10-01 00:00:00', 1, '-', 1, 1, 0, 0, 0),
(152, '2559000001589', NULL, 'R', 0, '2016-10-01 00:00:00', 1, '-', 1, 1, 0, 0, 0),
(153, '2559000001572', NULL, 'R', 0, '2016-10-01 00:00:00', 1, '-', 1, 1, 0, 0, 0),
(154, '2559000001497', NULL, 'R', 0, '2016-10-01 00:00:00', 1, '-', 1, 1, 0, 0, 0),
(155, '2559000001466', NULL, 'R', 0, '2016-10-01 00:00:00', 1, '-', 1, 1, 0, 0, 0),
(156, '2559000001527', NULL, 'R', 0, '2016-10-01 00:00:00', 1, '-', 1, 1, 0, 0, 0),
(157, '2559000001510', NULL, 'R', 0, '2016-10-01 00:00:00', 1, '-', 1, 1, 0, 0, 0),
(158, '2559000001503', NULL, 'R', 0, '2016-10-01 00:00:00', 1, '-', 1, 1, 0, 0, 0),
(159, '2559000001480', NULL, 'R', 0, '2016-10-01 00:00:00', 1, '-', 1, 1, 0, 0, 0),
(160, '2559000001473', NULL, 'R', 0, '2016-10-01 00:00:00', 1, '-', 1, 1, 0, 0, 0),
(161, '2559000002081', NULL, 'R', 0, '2016-10-01 00:00:00', 7, '-', 1, 1, 0, 0, 0),
(162, '2559000001688', NULL, 'R', 0, '2016-10-01 00:00:00', 7, '-', 1, 1, 0, 0, 0),
(163, '2559000001695', NULL, 'R', 0, '2016-10-01 00:00:00', 7, '-', 1, 1, 0, 0, 0),
(164, '2559000001701', NULL, 'R', 0, '2016-10-01 00:00:00', 7, '-', 1, 1, 0, 0, 0),
(165, '2559000002098', NULL, 'R', 0, '2016-10-01 00:00:00', 7, '-', 1, 1, 0, 0, 0),
(166, '2559000002104', NULL, 'R', 0, '2016-10-01 00:00:00', 7, '-', 1, 1, 0, 0, 0),
(167, '2559000002128', NULL, 'R', 0, '2016-10-01 00:00:00', 7, '-', 1, 1, 0, 0, 0),
(168, '2559000002135', NULL, 'R', 0, '2016-10-01 00:00:00', 7, '-', 1, 1, 0, 0, 0),
(169, '2559000002142', NULL, 'R', 0, '2016-10-01 00:00:00', 7, '-', 1, 1, 0, 0, 0),
(170, '2559000002159', NULL, 'R', 0, '2016-10-01 00:00:00', 7, '-', 1, 1, 0, 0, 0),
(171, '2559000002111', NULL, 'R', 0, '2016-10-01 00:00:00', 7, '-', 1, 1, 0, 0, 0),
(172, '2559000002012', NULL, 'R', 0, '2016-10-01 00:00:00', 7, '-', 1, 1, 0, 0, 0),
(173, '2559000002029', NULL, 'R', 0, '2016-10-01 00:00:00', 7, '-', 1, 1, 0, 0, 0),
(174, '2559000002036', NULL, 'R', 0, '2016-10-01 00:00:00', 7, '-', 1, 1, 0, 0, 0),
(175, '2559000002043', NULL, 'R', 0, '2016-10-01 00:00:00', 7, '-', 1, 1, 0, 0, 0),
(176, '2559000002050', NULL, 'R', 0, '2016-10-01 00:00:00', 7, '-', 1, 1, 0, 0, 0),
(177, '2559000002067', NULL, 'R', 0, '2016-10-01 00:00:00', 7, '-', 1, 1, 0, 0, 0),
(178, '2559000002074', NULL, 'R', 0, '2016-10-01 00:00:00', 7, '-', 1, 1, 0, 0, 0),
(179, '2559000001800', NULL, 'R', 0, '2016-10-01 00:00:00', 7, '-', 1, 1, 0, 0, 0),
(180, '2559000001817', NULL, 'R', 0, '2016-10-01 00:00:00', 7, '-', 1, 1, 0, 0, 0),
(181, '2559000001824', NULL, 'R', 0, '2016-10-01 00:00:00', 7, '-', 1, 1, 0, 0, 0),
(182, '2559000002289', NULL, 'R', 0, '2016-10-01 00:00:00', 8, '-', 1, 1, 0, 0, 0),
(183, '2559000002272', NULL, 'R', 0, '2016-10-01 00:00:00', 8, '-', 1, 1, 0, 0, 0),
(184, '2559000002265', NULL, 'R', 0, '2016-10-01 00:00:00', 8, '-', 1, 1, 0, 0, 0),
(185, '2559000002258', NULL, 'R', 0, '2016-10-01 00:00:00', 8, '-', 1, 1, 0, 0, 0),
(186, '2559000002241', NULL, 'R', 0, '2016-10-01 00:00:00', 8, '-', 1, 1, 0, 0, 0),
(187, '2559000002234', NULL, 'R', 0, '2016-10-01 00:00:00', 8, '-', 1, 1, 0, 0, 0),
(188, '2559000001886', NULL, 'R', 0, '2016-10-01 00:00:00', 8, '-', 1, 1, 0, 0, 0),
(189, '2559000001879', NULL, 'R', 0, '2016-10-01 00:00:00', 8, '-', 1, 1, 0, 0, 0),
(190, '2559000001862', NULL, 'R', 0, '2016-10-01 00:00:00', 8, '-', 1, 1, 0, 0, 0),
(191, '2559000001947', NULL, 'R', 0, '2016-10-01 00:00:00', 8, '-', 1, 1, 0, 0, 0),
(192, '2559000001930', NULL, 'R', 0, '2016-10-01 00:00:00', 8, '-', 1, 1, 0, 0, 0),
(193, '2559000001923', NULL, 'R', 0, '2016-10-01 00:00:00', 8, '-', 1, 1, 0, 0, 0),
(194, '2559000002005', NULL, 'R', 0, '2016-10-01 00:00:00', 8, '-', 1, 1, 0, 0, 0),
(195, '2559000001992', NULL, 'R', 0, '2016-10-01 00:00:00', 8, '-', 1, 1, 0, 0, 0),
(196, '2559000001985', NULL, 'R', 0, '2016-10-01 00:00:00', 8, '-', 1, 1, 0, 0, 0),
(197, '2559000002203', NULL, 'R', 0, '2016-10-01 00:00:00', 11, '-', 1, 1, 0, 0, 0),
(198, '2559000002227', NULL, 'R', 0, '2016-10-01 00:00:00', 11, '-', 1, 1, 0, 0, 0),
(199, '2559000002210', NULL, 'R', 0, '2016-10-01 00:00:00', 11, '-', 1, 1, 0, 0, 0),
(200, '2559000002166', NULL, 'R', 0, '2016-10-01 00:00:00', 11, '-', 1, 1, 0, 0, 0),
(201, '2559000002173', NULL, 'R', 0, '2016-10-01 00:00:00', 11, '-', 1, 1, 0, 0, 0),
(202, '2559000002296', NULL, 'R', 0, '2016-10-01 00:00:00', 11, '-', 1, 1, 0, 0, 0),
(203, '2559000002180', NULL, 'R', 0, '2016-10-01 00:00:00', 11, '-', 1, 1, 0, 0, 0),
(204, '2559000002197', NULL, 'R', 0, '2016-10-01 00:00:00', 11, '-', 1, 1, 0, 0, 0),
(205, '2559000001787', NULL, 'R', 0, '2016-10-01 00:00:00', 11, '-', 1, 1, 0, 0, 0),
(206, '2559000001770', NULL, 'R', 0, '2016-10-01 00:00:00', 11, '-', 1, 1, 0, 0, 0),
(207, '2559000001909', NULL, 'R', 0, '2016-10-01 00:00:00', 11, '-', 1, 1, 0, 0, 0),
(208, '2559000001893', NULL, 'R', 0, '2016-10-01 00:00:00', 11, '-', 1, 1, 0, 0, 0),
(209, '2559000001916', NULL, 'R', 0, '2016-10-01 00:00:00', 11, '-', 1, 1, 0, 0, 0),
(210, '2559000001855', NULL, 'R', 0, '2016-10-01 00:00:00', 11, '-', 1, 1, 0, 0, 0),
(211, '2559000001848', NULL, 'R', 0, '2016-10-01 00:00:00', 11, '-', 1, 1, 0, 0, 0),
(212, '2559000001831', NULL, 'R', 0, '2016-10-01 00:00:00', 11, '-', 1, 1, 0, 0, 0),
(213, '2559000001794', NULL, 'R', 0, '2016-10-01 00:00:00', 11, '-', 1, 1, 0, 0, 0),
(214, '2559000001756', NULL, 'R', 0, '2016-10-01 00:00:00', 11, '-', 1, 1, 0, 0, 0),
(215, '2559000001763', NULL, 'R', 0, '2016-10-01 00:00:00', 11, '-', 1, 1, 0, 0, 0),
(216, '2559000001749', NULL, 'R', 0, '2016-10-01 00:00:00', 11, '-', 1, 1, 0, 0, 0),
(217, '2559000001978', NULL, 'R', 0, '2016-10-01 00:00:00', 11, '-', 1, 1, 0, 0, 0),
(218, '2559000001961', NULL, 'R', 0, '2016-10-01 00:00:00', 11, '-', 1, 1, 0, 0, 0),
(219, '2559000001954', NULL, 'R', 0, '2016-10-01 00:00:00', 11, '-', 1, 1, 0, 0, 0),
(220, '2559000002463', NULL, 'R', 0, '2016-10-01 00:00:00', 5, '-', 1, 1, 0, 0, 0),
(221, '2559000002456', NULL, 'R', 0, '2016-10-01 00:00:00', 5, '-', 1, 1, 0, 0, 0),
(222, '2559000002449', NULL, 'R', 0, '2016-10-01 00:00:00', 5, '-', 1, 1, 0, 0, 0),
(223, '2559000002470', NULL, 'R', 0, '2016-10-01 00:00:00', 5, '-', 1, 1, 0, 0, 0),
(224, '2559000002487', NULL, 'R', 0, '2016-10-01 00:00:00', 5, '-', 1, 1, 0, 0, 0),
(225, '2559000002432', NULL, 'R', 0, '2016-10-01 00:00:00', 5, '-', 1, 1, 0, 0, 0),
(226, '2559000002395', NULL, 'R', 0, '2016-10-01 00:00:00', 5, '-', 1, 1, 0, 0, 0),
(227, '2559000002388', NULL, 'R', 0, '2016-10-01 00:00:00', 5, '-', 1, 1, 0, 0, 0),
(228, '2559000002500', NULL, 'R', 0, '2016-10-01 00:00:00', 5, '-', 1, 1, 0, 0, 0),
(229, '2559000002494', NULL, 'R', 0, '2016-10-01 00:00:00', 5, '-', 1, 1, 0, 0, 0),
(230, '2559000001657', NULL, 'R', 0, '2016-10-01 00:00:00', 5, '-', 1, 1, 0, 0, 0),
(231, '2559000001664', NULL, 'R', 0, '2016-10-01 00:00:00', 5, '-', 1, 1, 0, 0, 0),
(232, '2559000002425', NULL, 'R', 0, '2016-10-01 00:00:00', 5, '-', 1, 1, 0, 0, 0),
(233, '2559000002418', NULL, 'R', 0, '2016-10-01 00:00:00', 5, '-', 1, 1, 0, 0, 0),
(234, '2559000002401', NULL, 'R', 0, '2016-10-01 00:00:00', 5, '-', 1, 1, 0, 0, 0),
(235, '2559000002371', NULL, 'R', 0, '2016-10-01 00:00:00', 5, '-', 1, 1, 0, 0, 0),
(236, '2559000001718', NULL, 'R', 0, '2016-10-01 00:00:00', 5, '-', 1, 1, 0, 0, 0),
(237, '2559000001671', NULL, 'R', 0, '2016-10-01 00:00:00', 5, '-', 1, 1, 0, 0, 0),
(238, '2559000001725', NULL, 'R', 0, '2016-10-01 00:00:00', 5, '-', 1, 1, 0, 0, 0),
(239, '2559000002357', NULL, 'R', 0, '2016-10-01 00:00:00', 5, '-', 1, 1, 0, 0, 0),
(240, '2559000002333', NULL, 'R', 0, '2016-10-01 00:00:00', 5, '-', 1, 1, 0, 0, 0),
(241, '2559000002340', NULL, 'R', 0, '2016-10-01 00:00:00', 5, '-', 1, 1, 0, 0, 0),
(242, '2559000001626', NULL, 'R', 0, '2016-10-01 00:00:00', 5, '-', 1, 1, 0, 0, 0),
(243, '2559000001732', NULL, 'R', 0, '2016-10-01 00:00:00', 5, '-', 1, 1, 0, 0, 0),
(244, '2559000002364', NULL, 'R', 0, '2016-10-01 00:00:00', 5, '-', 1, 1, 0, 0, 0),
(245, '2559000002326', NULL, 'R', 0, '2016-10-01 00:00:00', 5, '-', 1, 1, 0, 0, 0),
(246, '2559000002319', NULL, 'R', 0, '2016-10-01 00:00:00', 5, '-', 1, 1, 0, 0, 0),
(247, '2559000002302', NULL, 'R', 0, '2016-10-01 00:00:00', 5, '-', 1, 1, 0, 0, 0),
(248, '2559000001640', NULL, 'R', 0, '2016-10-01 00:00:00', 5, '-', 1, 1, 0, 0, 0),
(249, '2559000001633', NULL, 'R', 0, '2016-10-01 00:00:00', 5, '-', 1, 1, 0, 0, 0),
(250, '2559000002944', NULL, 'R', 0, '2016-10-01 00:00:00', 5, '-', 1, 1, 0, 0, 0),
(251, '2559000002937', NULL, 'R', 0, '2016-10-01 00:00:00', 5, '-', 1, 1, 0, 0, 0),
(252, '2559000002920', NULL, 'R', 0, '2016-10-01 00:00:00', 5, '-', 1, 1, 0, 0, 0),
(253, '2559000002913', NULL, 'R', 0, '2016-10-01 00:00:00', 5, '-', 1, 1, 0, 0, 0),
(254, '2559000002906', NULL, 'R', 0, '2016-10-01 00:00:00', 5, '-', 1, 1, 0, 0, 0),
(255, '2559000002890', NULL, 'R', 0, '2016-10-01 00:00:00', 5, '-', 1, 1, 0, 0, 0),
(256, '2559000003507', NULL, 'R', 0, '2016-10-01 00:00:00', 5, '-', 1, 1, 0, 0, 0),
(257, '2559000003491', NULL, 'R', 0, '2016-10-01 00:00:00', 5, '-', 1, 1, 0, 0, 0),
(258, '2559000002876', NULL, 'R', 0, '2016-10-01 00:00:00', 6, '-', 1, 1, 0, 0, 0),
(259, '2559000002869', NULL, 'R', 0, '2016-10-01 00:00:00', 6, '-', 1, 1, 0, 0, 0),
(260, '2559000002852', NULL, 'R', 0, '2016-10-01 00:00:00', 6, '-', 1, 1, 0, 0, 0),
(261, '2559000002845', NULL, 'R', 0, '2016-10-01 00:00:00', 6, '-', 1, 1, 0, 0, 0),
(262, '2559000002838', NULL, 'R', 0, '2016-10-01 00:00:00', 6, '-', 1, 1, 0, 0, 0),
(263, '2559000002883', NULL, 'R', 0, '2016-10-01 00:00:00', 6, '-', 1, 1, 0, 0, 0),
(264, '2559000002548', NULL, 'R', 0, '2016-10-01 00:00:00', 6, '-', 1, 1, 0, 0, 0),
(265, '2559000002524', NULL, 'R', 0, '2016-10-01 00:00:00', 6, '-', 1, 1, 0, 0, 0),
(266, '2559000002517', NULL, 'R', 0, '2016-10-01 00:00:00', 6, '-', 1, 1, 0, 0, 0),
(267, '2559000003484', NULL, 'R', 0, '2016-10-01 00:00:00', 29, '-', 1, 1, 0, 0, 0),
(268, '2559000003477', NULL, 'R', 0, '2016-10-01 00:00:00', 29, '-', 1, 1, 0, 0, 0),
(269, '2559000003460', NULL, 'R', 0, '2016-10-01 00:00:00', 29, '-', 1, 1, 0, 0, 0),
(270, '2559000003026', NULL, 'R', 0, '2016-10-01 00:00:00', 29, '-', 1, 1, 0, 0, 0),
(271, '2559000002555', NULL, 'R', 0, '2016-10-01 00:00:00', 30, '-', 1, 1, 0, 0, 0),
(272, '2559000002562', NULL, 'R', 0, '2016-10-01 00:00:00', 30, '-', 1, 1, 0, 0, 0),
(273, '2559000002579', NULL, 'R', 0, '2016-10-01 00:00:00', 30, '-', 1, 1, 0, 0, 0),
(274, '2559000002586', NULL, 'R', 0, '2016-10-01 00:00:00', 30, '-', 1, 1, 0, 0, 0),
(275, '2559000002593', NULL, 'R', 0, '2016-10-01 00:00:00', 30, '-', 1, 1, 0, 0, 0),
(276, '2559000002609', NULL, 'R', 0, '2016-10-01 00:00:00', 30, '-', 1, 1, 0, 0, 0),
(277, '2559000002616', NULL, 'R', 0, '2016-10-01 00:00:00', 30, '-', 1, 1, 0, 0, 0),
(278, '2559000002623', NULL, 'R', 0, '2016-10-01 00:00:00', 30, '-', 1, 1, 0, 0, 0),
(279, '2559000002630', NULL, 'R', 0, '2016-10-01 00:00:00', 30, '-', 1, 1, 0, 0, 0),
(280, '2559000002647', NULL, 'R', 0, '2016-10-01 00:00:00', 30, '-', 1, 1, 0, 0, 0),
(281, '2559000002654', NULL, 'R', 0, '2016-10-01 00:00:00', 30, '-', 1, 1, 0, 0, 0),
(282, '2559000002661', NULL, 'R', 0, '2016-10-01 00:00:00', 30, '-', 1, 1, 0, 0, 0),
(283, '2559000002531', NULL, 'R', 0, '2016-10-01 00:00:00', 30, '-', 1, 1, 0, 0, 0),
(284, '2559000002678', NULL, 'R', 0, '2016-10-01 00:00:00', 30, '-', 1, 1, 0, 0, 0),
(285, '2559000002685', NULL, 'R', 0, '2016-10-01 00:00:00', 30, '-', 1, 1, 0, 0, 0),
(286, '2559000003163', NULL, 'R', 0, '2016-10-01 00:00:00', 12, '-', 1, 1, 0, 0, 0),
(287, '2559000003101', NULL, 'R', 0, '2016-10-01 00:00:00', 12, '-', 1, 1, 0, 0, 0),
(288, '2559000003118', NULL, 'R', 0, '2016-10-01 00:00:00', 12, '-', 1, 1, 0, 0, 0),
(289, '2559000003125', NULL, 'R', 0, '2016-10-01 00:00:00', 12, '-', 1, 1, 0, 0, 0),
(290, '2559000003132', NULL, 'R', 0, '2016-10-01 00:00:00', 12, '-', 1, 1, 0, 0, 0),
(291, '2559000003149', NULL, 'R', 0, '2016-10-01 00:00:00', 12, '-', 1, 1, 0, 0, 0),
(292, '2559000003156', NULL, 'R', 0, '2016-10-01 00:00:00', 12, '-', 1, 1, 0, 0, 0),
(293, '2559000003033', NULL, 'R', 0, '2016-10-01 00:00:00', 12, '-', 1, 1, 0, 0, 0),
(294, '2559000003040', NULL, 'R', 0, '2016-10-01 00:00:00', 12, '-', 1, 1, 0, 0, 0),
(295, '2559000003057', NULL, 'R', 0, '2016-10-01 00:00:00', 12, '-', 1, 1, 0, 0, 0),
(296, '2559000003064', NULL, 'R', 0, '2016-10-01 00:00:00', 12, '-', 1, 1, 0, 0, 0),
(297, '2559000003071', NULL, 'R', 0, '2016-10-01 00:00:00', 12, '-', 1, 1, 0, 0, 0),
(298, '2559000003088', NULL, 'R', 0, '2016-10-01 00:00:00', 12, '-', 1, 1, 0, 0, 0),
(299, '2559000003095', NULL, 'R', 0, '2016-10-01 00:00:00', 12, '-', 1, 1, 0, 0, 0),
(300, '2559000002760', NULL, 'R', 0, '2016-10-01 00:00:00', 12, '-', 1, 1, 0, 0, 0),
(301, '2559000002777', NULL, 'R', 0, '2016-10-01 00:00:00', 12, '-', 1, 1, 0, 0, 0),
(302, '2559000002784', NULL, 'R', 0, '2016-10-01 00:00:00', 12, '-', 1, 1, 0, 0, 0),
(303, '2559000002791', NULL, 'R', 0, '2016-10-01 00:00:00', 12, '-', 1, 1, 0, 0, 0),
(304, '2559000002807', NULL, 'R', 0, '2016-10-01 00:00:00', 12, '-', 1, 1, 0, 0, 0),
(305, '2559000002814', NULL, 'R', 0, '2016-10-01 00:00:00', 12, '-', 1, 1, 0, 0, 0),
(306, '2559000002821', NULL, 'R', 0, '2016-10-01 00:00:00', 12, '-', 1, 1, 0, 0, 0),
(307, '2559000002692', NULL, 'R', 0, '2016-10-01 00:00:00', 12, '-', 1, 1, 0, 0, 0),
(308, '2559000002708', NULL, 'R', 0, '2016-10-01 00:00:00', 12, '-', 1, 1, 0, 0, 0),
(309, '2559000002715', NULL, 'R', 0, '2016-10-01 00:00:00', 12, '-', 1, 1, 0, 0, 0),
(310, '2559000002722', NULL, 'R', 0, '2016-10-01 00:00:00', 12, '-', 1, 1, 0, 0, 0),
(311, '2559000002739', NULL, 'R', 0, '2016-10-01 00:00:00', 12, '-', 1, 1, 0, 0, 0),
(312, '2559000002746', NULL, 'R', 0, '2016-10-01 00:00:00', 12, '-', 1, 1, 0, 0, 0),
(313, '2559000002753', NULL, 'R', 0, '2016-10-01 00:00:00', 12, '-', 1, 1, 0, 0, 0),
(314, '2559000003392', NULL, 'R', 0, '2016-10-01 00:00:00', 12, '-', 1, 1, 0, 0, 0),
(315, '2559000003408', NULL, 'R', 0, '2016-10-01 00:00:00', 12, '-', 1, 1, 0, 0, 0),
(316, '2559000003415', NULL, 'R', 0, '2016-10-01 00:00:00', 12, '-', 1, 1, 0, 0, 0),
(317, '2559000003422', NULL, 'R', 0, '2016-10-01 00:00:00', 12, '-', 1, 1, 0, 0, 0),
(318, '2559000003439', NULL, 'R', 0, '2016-10-01 00:00:00', 12, '-', 1, 1, 0, 0, 0),
(319, '2559000003446', NULL, 'R', 0, '2016-10-01 00:00:00', 12, '-', 1, 1, 0, 0, 0),
(320, '2559000003453', NULL, 'R', 0, '2016-10-01 00:00:00', 12, '-', 1, 1, 0, 0, 0),
(321, '2559000002968', NULL, 'R', 0, '2016-10-01 00:00:00', 12, '-', 1, 1, 0, 0, 0),
(322, '2559000002975', NULL, 'R', 0, '2016-10-01 00:00:00', 12, '-', 1, 1, 0, 0, 0),
(323, '2559000002982', NULL, 'R', 0, '2016-10-01 00:00:00', 12, '-', 1, 1, 0, 0, 0),
(324, '2559000002999', NULL, 'R', 0, '2016-10-01 00:00:00', 12, '-', 1, 1, 0, 0, 0),
(325, '2559000003002', NULL, 'R', 0, '2016-10-01 00:00:00', 12, '-', 1, 1, 0, 0, 0),
(326, '2559000003019', NULL, 'R', 0, '2016-10-01 00:00:00', 12, '-', 1, 1, 0, 0, 0),
(327, '2559000003170', NULL, 'R', 0, '2016-10-01 00:00:00', 12, '-', 1, 1, 0, 0, 0),
(328, '2559000004924', NULL, 'R', 0, '2016-10-01 00:00:00', 23, '-', 1, 1, 0, 0, 0),
(329, '2559000004931', NULL, 'R', 0, '2016-10-01 00:00:00', 23, '-', 1, 1, 0, 0, 0),
(330, '2559000004948', NULL, 'R', 0, '2016-10-01 00:00:00', 23, '-', 1, 1, 0, 0, 0),
(331, '2559000004955', NULL, 'R', 0, '2016-10-01 00:00:00', 23, '-', 1, 1, 0, 0, 0),
(332, '2559000004962', NULL, 'R', 0, '2016-10-01 00:00:00', 23, '-', 1, 1, 0, 0, 0),
(333, '2559000004979', NULL, 'R', 0, '2016-10-01 00:00:00', 23, '-', 1, 1, 0, 0, 0),
(334, '2559000004986', NULL, 'R', 0, '2016-10-01 00:00:00', 23, '-', 1, 1, 0, 0, 0),
(335, '2559000004993', NULL, 'R', 0, '2016-10-01 00:00:00', 23, '-', 1, 1, 0, 0, 0),
(336, '2559000005006', NULL, 'R', 0, '2016-10-01 00:00:00', 23, '-', 1, 1, 0, 0, 0),
(337, '2559000003224', NULL, 'R', 0, '2016-10-01 00:00:00', 23, '-', 1, 1, 0, 0, 0),
(338, '2559000003231', NULL, 'R', 0, '2016-10-01 00:00:00', 23, '-', 1, 1, 0, 0, 0),
(339, '2559000003248', NULL, 'R', 0, '2016-10-01 00:00:00', 23, '-', 1, 1, 0, 0, 0),
(340, '2559000003361', NULL, 'R', 0, '2016-10-01 00:00:00', 23, '-', 1, 1, 0, 0, 0),
(341, '2559000003378', NULL, 'R', 0, '2016-10-01 00:00:00', 23, '-', 1, 1, 0, 0, 0),
(342, '2559000003385', NULL, 'R', 0, '2016-10-01 00:00:00', 23, '-', 1, 1, 0, 0, 0),
(343, '2559000003293', NULL, 'R', 0, '2016-10-01 00:00:00', 23, '-', 1, 1, 0, 0, 0),
(344, '2559000003309', NULL, 'R', 0, '2016-10-01 00:00:00', 23, '-', 1, 1, 0, 0, 0),
(345, '2559000003316', NULL, 'R', 0, '2016-10-01 00:00:00', 23, '-', 1, 1, 0, 0, 0),
(346, '2559000003323', NULL, 'R', 0, '2016-10-01 00:00:00', 23, '-', 1, 1, 0, 0, 0),
(347, '2559000003330', NULL, 'R', 0, '2016-10-01 00:00:00', 23, '-', 1, 1, 0, 0, 0),
(348, '2559000003347', NULL, 'R', 0, '2016-10-01 00:00:00', 23, '-', 1, 1, 0, 0, 0),
(349, '2559000003354', NULL, 'R', 0, '2016-10-01 00:00:00', 23, '-', 1, 1, 0, 0, 0),
(350, '2559000003187', NULL, 'R', 0, '2016-10-01 00:00:00', 23, '-', 1, 1, 0, 0, 0),
(351, '2559000003194', NULL, 'R', 0, '2016-10-01 00:00:00', 23, '-', 1, 1, 0, 0, 0),
(352, '2559000003200', NULL, 'R', 0, '2016-10-01 00:00:00', 23, '-', 1, 1, 0, 0, 0),
(353, '2559000003217', NULL, 'R', 0, '2016-10-01 00:00:00', 23, '-', 1, 1, 0, 0, 0),
(354, '2559000003255', NULL, 'R', 0, '2016-10-01 00:00:00', 23, '-', 1, 1, 0, 0, 0),
(355, '2559000003262', NULL, 'R', 0, '2016-10-01 00:00:00', 23, '-', 1, 1, 0, 0, 0),
(356, '2559000003279', NULL, 'R', 0, '2016-10-01 00:00:00', 23, '-', 1, 1, 0, 0, 0),
(357, '2559000003286', NULL, 'R', 0, '2016-10-01 00:00:00', 23, '-', 1, 1, 0, 0, 0),
(358, '2559000004801', NULL, 'R', 0, '2016-10-01 00:00:00', 23, '-', 1, 1, 0, 0, 0),
(359, '2559000004818', NULL, 'R', 0, '2016-10-01 00:00:00', 23, '-', 1, 1, 0, 0, 0),
(360, '2559000004825', NULL, 'R', 0, '2016-10-01 00:00:00', 23, '-', 1, 1, 0, 0, 0),
(361, '2559000004832', NULL, 'R', 0, '2016-10-01 00:00:00', 23, '-', 1, 1, 0, 0, 0),
(362, '2559000004849', NULL, 'R', 0, '2016-10-01 00:00:00', 23, '-', 1, 1, 0, 0, 0),
(363, '2559000004856', NULL, 'R', 0, '2016-10-01 00:00:00', 23, '-', 1, 1, 0, 0, 0),
(364, '2559000004863', NULL, 'R', 0, '2016-10-01 00:00:00', 23, '-', 1, 1, 0, 0, 0),
(365, '2559000004870', NULL, 'R', 0, '2016-10-01 00:00:00', 23, '-', 1, 1, 0, 0, 0),
(366, '2559000004887', NULL, 'R', 0, '2016-10-01 00:00:00', 23, '-', 1, 1, 0, 0, 0),
(367, '2559000004894', NULL, 'R', 0, '2016-10-01 00:00:00', 23, '-', 1, 1, 0, 0, 0),
(368, '2559000004900', NULL, 'R', 0, '2016-10-01 00:00:00', 23, '-', 1, 1, 0, 0, 0),
(369, '2559000004917', NULL, 'R', 0, '2016-10-01 00:00:00', 23, '-', 1, 1, 0, 0, 0),
(370, '2559000003514', NULL, 'R', 0, '2016-10-01 00:00:00', 1, '-', 1, 1, 0, 0, 0),
(371, '2559000004795', NULL, 'R', 0, '2016-10-01 00:00:00', 1, '-', 1, 1, 0, 0, 0),
(372, '2559000003514', 'acer มูลนิธิ907', 'W', 156, '2016-10-01 00:00:00', 1, '-', 1, 1, 0, 0, 1879),
(373, '2559000004788', NULL, 'R', 0, '2016-10-01 00:00:00', 27, '-', 1, 1, 0, 0, 0),
(374, '2559000004771', NULL, 'R', 0, '2016-10-01 00:00:00', 27, '-', 1, 1, 0, 0, 0),
(375, '2559000004764', NULL, 'R', 0, '2016-10-01 00:00:00', 27, '-', 1, 1, 0, 0, 0),
(376, '2559000004757', NULL, 'R', 0, '2016-10-01 00:00:00', 27, '-', 1, 1, 0, 0, 0),
(377, '2559000004740', NULL, 'R', 0, '2016-10-01 00:00:00', 27, '-', 1, 1, 0, 0, 0),
(378, '2559000004733', NULL, 'R', 0, '2016-10-01 00:00:00', 27, '-', 1, 1, 0, 0, 0),
(379, '2559000004726', NULL, 'R', 0, '2016-10-01 00:00:00', 27, '-', 1, 1, 0, 0, 0),
(380, '2559000004719', NULL, 'R', 0, '2016-10-01 00:00:00', 27, '-', 1, 1, 0, 0, 0),
(381, '2559000002128', '7440-009-0001/345/47', 'W', 137, '2016-09-16 08:46:09', 7, '-', 1, 1, 0, 0, 1879),
(382, '2559000000193', '667/59', 'W', 42, '2016-09-16 09:02:26', 8, '-', 1, 1, 0, 0, 9475),
(383, '2559000000186', '754/51', 'W', 105, '2016-09-16 11:42:04', 8, '-', 1, 1, 0, 0, 1978),
(384, '2559000003521', NULL, 'R', 0, '2016-09-20 08:27:11', 14, '-', 1, 1, 0, 0, 0),
(385, '2559000003552', NULL, 'R', 0, '2016-09-20 08:27:18', 14, '-', 1, 1, 0, 0, 0),
(386, '2559000003804', NULL, 'R', 0, '2016-09-20 08:27:22', 14, '-', 1, 1, 0, 0, 0),
(387, '2559000003545', NULL, 'R', 0, '2016-09-20 08:27:31', 14, '-', 1, 1, 0, 0, 0),
(388, '2559000003538', NULL, 'R', 0, '2016-09-20 08:27:42', 14, '-', 1, 1, 0, 0, 0),
(389, '2559000003590', NULL, 'R', 0, '2016-09-20 08:29:34', 14, '-', 1, 1, 0, 0, 0),
(390, '2559000002135', '-', 'W', 150, '2016-09-20 08:46:36', 7, '-', 1, 1, 0, 0, 1879),
(391, '2559000002081', '-', 'W', 137, '2016-09-20 08:53:06', 7, '-', 1, 1, 0, 0, 1879),
(392, '2559000003606', NULL, 'R', 0, '2016-09-20 09:59:08', 13, '-', 1, 1, 0, 0, 0),
(393, '2559000003613', NULL, 'R', 0, '2016-09-20 09:59:13', 13, '-', 1, 1, 0, 0, 0),
(394, '2559000003620', NULL, 'R', 0, '2016-09-20 09:59:17', 13, '-', 1, 1, 0, 0, 0),
(395, '2559000003637', NULL, 'R', 0, '2016-09-20 09:59:20', 13, '-', 1, 1, 0, 0, 0),
(396, '2559000003644', NULL, 'R', 0, '2016-09-20 09:59:24', 13, '-', 1, 1, 0, 0, 0),
(397, '2559000003569', NULL, 'R', 0, '2016-09-20 09:59:36', 13, '-', 1, 1, 0, 0, 0),
(398, '2559000003576', NULL, 'R', 0, '2016-09-20 09:59:39', 13, '-', 1, 1, 0, 0, 0),
(399, '2559000003583', NULL, 'R', 0, '2016-09-20 09:59:43', 13, '-', 1, 1, 0, 0, 0),
(400, '2559000003651', NULL, 'R', 0, '2016-09-20 09:59:51', 13, '-', 1, 1, 0, 0, 0),
(401, '2559000003699', NULL, 'R', 0, '2016-09-20 10:05:40', 13, '-', 1, 1, 0, 0, 0),
(402, '2559000003699', '690/59', 'W', 31, '2016-09-20 10:06:08', 13, '-', 1, 1, 0, 0, 1922),
(403, '2559000002098', '-', 'W', 152, '2016-09-20 10:09:55', 7, '-', 1, 1, 0, 0, 1879),
(404, '2559000002104', 'e1208005552', 'W', 145, '2016-09-20 10:20:38', 7, '-', 1, 1, 0, 0, 1879),
(405, '2559000000247', '7440-001-0001/634/47', 'W', 175, '2016-09-20 10:21:17', 9, '-', 1, 1, 0, 0, 1922),
(406, '2559000003651', '695/59', 'W', 171, '2016-09-20 10:56:06', 13, '-', 1, 1, 0, 0, 1978),
(407, '2559000002838', '950/53', 'W', 119, '2016-09-20 11:20:42', 6, '-', 1, 1, 0, 0, 1978),
(408, '2559000000032', '1118/54', 'W', 240, '2016-09-20 13:19:43', 3, '-', 1, 1, 0, 0, 1879),
(409, '2559000000469', '1118/54', 'W', 240, '2016-09-20 13:19:56', 28, '-', 1, 1, 0, 0, 1879),
(410, '2559000000087', '1118/54', 'W', 240, '2016-09-20 13:20:11', 4, '-', 1, 1, 0, 0, 1879),
(411, '2559000002142', '-', 'W', 293, '2016-09-20 14:18:36', 7, '-', 1, 1, 0, 0, 9475),
(412, '2559000002111', '-', 'W', 293, '2016-09-21 08:50:06', 7, '-', 1, 1, 0, 0, 9475),
(413, '2559000003613', '7440-010-0002/691/59', 'W', 240, '2016-09-21 09:39:02', 13, '-', 1, 1, 0, 0, 1879),
(414, '2559000001480', '8874 acer', 'W', 131, '2016-09-21 15:33:37', 1, '-', 1, 1, 0, 0, 1978),
(415, '2559000001541', '705/59', 'W', 10, '2016-09-22 08:32:28', 1, '-', 1, 1, 0, 0, 9475),
(416, '2559000000131', '7440-001-0001/1392/56', 'W', 223, '2016-09-22 08:40:35', 8, '-', 1, 1, 0, 0, 1978),
(418, '2559000003743', NULL, 'R', 0, '2016-09-23 09:43:09', 34, '-', 1, 1, 0, 0, 0),
(419, '2559000003705', NULL, 'R', 0, '2016-09-23 09:43:15', 34, '-', 1, 1, 0, 0, 0),
(420, '2559000003668', NULL, 'R', 0, '2016-09-23 09:43:21', 34, '-', 1, 1, 0, 0, 0),
(421, '2559000003736', NULL, 'R', 0, '2016-09-23 09:43:29', 34, '-', 1, 1, 0, 0, 0),
(422, '2559000003729', NULL, 'R', 0, '2016-09-23 09:43:37', 34, '-', 1, 1, 0, 0, 0),
(423, '2559000003675', NULL, 'R', 0, '2016-09-23 09:43:44', 34, '-', 1, 1, 0, 0, 0),
(424, '2559000003712', NULL, 'R', 0, '2016-09-23 09:43:53', 34, '-', 1, 1, 0, 0, 0),
(426, '2559000000100', '7440-001-0001/1300/56', 'W', 84, '2016-09-26 09:19:35', 8, '-', 1, 1, 0, 0, 9475),
(427, '2559000000223', '732/49', 'W', 28, '2016-09-26 10:02:41', 6, '-', 1, 1, 0, 0, 9475),
(428, '2559000000506', '7440-001-0001/1513/58', 'W', 175, '2016-09-26 10:33:42', 9, '-', 1, 1, 0, 0, 9475),
(429, '2559000000506', '-', 'W', 42, '2016-09-26 11:04:55', 9, '-', 1, 1, 0, 0, 9475),
(430, '2559000003729', '7440-014-0031/75/60', 'W', 106, '2016-09-26 11:38:46', 34, '-', 1, 1, 0, 0, 1879),
(431, '2559000003712', '7440-014-0031/77/60', 'W', 45, '2016-09-26 11:39:30', 34, '-', 1, 1, 0, 0, 1879),
(432, '2559000003668', '7440-014-0031-80/60', 'W', 78, '2016-09-26 11:41:17', 34, '-', 1, 1, 0, 0, 1922),
(433, '2559000002159', '7440-009-0001/226/46', 'W', 95, '2016-09-26 13:36:42', 7, '-', 1, 1, 0, 0, 1879),
(434, '2559000003675', '7440-014-0031/79/60', 'W', 91, '2016-09-26 15:24:24', 34, '-', 1, 1, 0, 0, 1879),
(435, '2559000003682', NULL, 'R', 0, '2016-09-27 10:57:13', 6, '-', 1, 1, 0, 0, 0),
(436, '2559000003781', NULL, 'R', 0, '2016-09-27 10:57:21', 6, '-', 1, 1, 0, 0, 0),
(437, '2559000003774', NULL, 'R', 0, '2016-09-27 10:57:26', 6, '-', 1, 1, 0, 0, 0),
(438, '2559000003798', NULL, 'R', 0, '2016-09-27 10:57:32', 6, '-', 1, 1, 0, 0, 0),
(439, '2559000003767', NULL, 'R', 0, '2016-09-27 10:57:38', 6, '-', 1, 1, 0, 0, 0),
(440, '2559000003750', NULL, 'R', 0, '2016-09-27 10:57:45', 6, '-', 1, 1, 0, 0, 0),
(441, '2559000003750', NULL, 'R', 0, '2016-09-27 10:57:48', 6, '-', 1, 1, 0, 0, 0),
(442, '2559000004795', '477/47', 'W', 145, '2016-09-28 15:22:49', 1, '-', 1, 1, 0, 0, 1879),
(443, '2559000000179', '-', 'W', 137, '2016-09-29 09:31:58', 9, '-', 1, 1, 0, 0, 1879),
(444, '2559000001138', 'id-69725', 'W', 84, '2016-09-29 10:20:21', 9, '-', 1, 1, 0, 0, 9475),
(445, '2559000000230', '587/47', 'W', 23, '2016-09-29 13:23:34', 9, '-', 1, 1, 0, 0, 9475),
(446, '2559000003026', '-', 'W', 84, '2016-09-29 13:53:03', 29, '-', 1, 1, 0, 0, 9475),
(447, '2559000000612', '569/47', 'W', 137, '2016-09-29 13:59:38', 8, '-', 1, 1, 0, 0, 1879),
(448, '2559000000643', '-', 'W', 84, '2016-09-29 14:02:55', 6, '-', 1, 1, 0, 0, 9475),
(449, '2559000001220', '-', 'W', 95, '2016-09-29 15:07:28', 28, '-', 1, 1, 0, 0, 1922),
(450, '2559000001268', '-', 'W', 95, '2016-09-29 15:08:00', 28, '-', 1, 1, 0, 0, 1922),
(451, '2559000001237', '-', 'W', 95, '2016-09-29 15:08:16', 28, '-', 1, 1, 0, 0, 1922),
(452, '2559000001275', '-', 'W', 95, '2016-09-29 15:08:33', 28, '-', 1, 1, 0, 0, 1922),
(453, '2559000002876', '-', 'W', 95, '2016-09-29 15:08:48', 6, '-', 1, 1, 0, 0, 1922),
(454, '2559000003460', '-', 'W', 95, '2016-09-29 15:09:01', 29, '-', 1, 1, 0, 0, 1922),
(455, '2559000003781', '-', 'W', 107, '2016-09-30 13:07:23', 6, '-', 1, 1, 0, 0, 1922),
(456, '2559000001114', '-', 'W', 150, '2016-10-03 08:44:08', 9, '-', 1, 1, 0, 0, 1978),
(457, '2559000001022', '-', 'W', 95, '2016-10-03 09:28:23', 9, '-', 1, 1, 0, 0, 1879),
(458, '2559000000148', '-ศูนย์แพทย์', 'W', 95, '2016-10-03 14:23:29', 8, '-', 1, 1, 0, 0, 9475),
(459, '2559000000209', '-', 'W', 302, '2016-10-03 14:23:57', 8, '-', 1, 1, 0, 0, 9475),
(460, '2559000000117', '7440-001-0001/470/47', 'W', 132, '2016-10-04 08:24:01', 8, '-', 1, 1, 0, 0, 1978),
(461, '2559000001107', '1036/54', 'W', 99, '2016-10-04 10:17:24', 9, '-', 1, 1, 0, 0, 1978),
(462, '2559000001565', '473/47', 'W', 96, '2016-10-04 10:30:23', 1, '-', 1, 1, 0, 0, 1978),
(463, '2559000003859', NULL, 'R', 0, '2016-10-04 10:31:37', 12, '-', 1, 1, 0, 0, 0),
(464, '2559000003859', NULL, 'R', 0, '2016-10-04 10:31:39', 12, '-', 1, 1, 0, 0, 0),
(465, '2559000003859', NULL, 'R', 0, '2016-10-04 10:31:41', 12, '-', 1, 1, 0, 0, 0),
(466, '2559000003859', 'รุ่นlenovo ', 'W', 114, '2016-10-04 10:33:10', 12, '-', 1, 1, 0, 0, 1978),
(467, '2559000000124', '7440-001-0001/1149/55', 'W', 275, '2016-10-04 10:42:21', 8, '-', 1, 1, 0, 0, 1922),
(468, '2559000000278', '-', 'W', 275, '2016-10-04 11:21:03', 9, '-', 1, 1, 0, 0, 1922),
(469, '2559000000438', '473/47', 'W', 96, '2016-10-04 13:29:28', 3, '-', 1, 1, 0, 0, 1978),
(470, '2559000000582', '473/47', 'W', 96, '2016-10-04 13:29:41', 4, '-', 1, 1, 0, 0, 1978),
(471, '2559000003798', '473/47', 'W', 96, '2016-10-04 13:29:54', 6, '-', 1, 1, 0, 0, 1978),
(472, '2559000000490', '-', 'W', 293, '2016-10-04 13:30:50', 28, '-', 1, 1, 0, 0, 9475),
(473, '2559000000445', '-', 'W', 293, '2016-10-04 13:31:14', 28, '-', 1, 1, 0, 0, 9475),
(474, '2559000000476', '-', 'W', 293, '2016-10-04 13:31:33', 28, '-', 1, 1, 0, 0, 9475),
(475, '2559000001244', '473/47', 'W', 96, '2016-10-04 13:31:53', 28, '-', 1, 1, 0, 0, 1978),
(476, '2559000003767', '976/54', 'W', 47, '2016-10-04 13:44:20', 6, '-', 1, 1, 0, 0, 1978),
(477, '2559000001046', '428/46', 'W', 23, '2016-10-04 15:40:30', 9, '-', 1, 1, 0, 0, 9475),
(478, '2559000000094', '745/50', 'W', 142, '2016-10-05 09:30:48', 8, '-', 1, 1, 0, 0, 1879),
(479, '2559000000322', '1618/59', 'W', 109, '2016-10-06 09:51:23', 32, '-', 1, 1, 0, 0, 1954),
(480, '2559000000681', '1601/59', 'W', 109, '2016-10-06 09:52:29', 32, '-', 1, 1, 0, 0, 1954),
(481, '2559000000766', '1628/59', 'W', 109, '2016-10-06 09:52:54', 32, '-', 1, 1, 0, 0, 1954),
(482, '2559000003378', '1601/59', 'W', 109, '2016-10-06 09:53:44', 23, '-', 1, 1, 0, 0, 1954),
(483, '2559000003194', '1628/59', 'W', 109, '2016-10-06 09:54:08', 23, '-', 1, 1, 0, 0, 1954),
(484, '2559000003262', '1618/59', 'W', 109, '2016-10-06 09:54:32', 23, '-', 1, 1, 0, 0, 1954),
(485, '2559000003422', '1628/59', 'W', 109, '2016-10-06 09:54:52', 12, '-', 1, 1, 0, 0, 1954),
(486, '2559000003118', '1601/59', 'W', 109, '2016-10-06 09:55:28', 12, '-', 1, 1, 0, 0, 1954),
(487, '2559000003125', '1618/59', 'W', 109, '2016-10-06 09:56:01', 12, '-', 1, 1, 0, 0, 1954),
(488, '2559000001145', '547/47', 'W', 48, '2016-10-06 13:00:01', 9, '-', 1, 1, 0, 0, 9475),
(489, '2559000000407', '1128/54', 'W', 148, '2016-10-06 15:35:22', 3, '-', 1, 1, 0, 0, 1922),
(490, '2559000003750', '1128/54', 'W', 148, '2016-10-06 15:35:35', 6, '-', 1, 1, 0, 0, 1922),
(491, '2559000001459', '1128/54', 'W', 148, '2016-10-06 15:35:53', 1, '-', 1, 1, 0, 0, 1922),
(492, '2559000000070', '1128/54', 'W', 148, '2016-10-06 15:36:10', 4, '-', 1, 1, 0, 0, 1922),
(493, '2559000002210', 'eit3-tum6176', 'W', 255, '2016-10-07 13:31:19', 11, '-', 1, 1, 0, 0, 1978),
(494, '2559000000292', '1375/56', 'W', 28, '2016-10-10 08:05:14', 9, '-', 1, 1, 0, 0, 9475),
(495, '2559000000308', '485/49', 'W', 110, '2016-10-10 09:50:14', 9, '-', 1, 1, 0, 0, 9475),
(496, '2559000003989', NULL, 'R', 0, '2016-10-10 10:51:43', 9, '-', 1, 1, 0, 0, 0),
(497, '2559000003996', NULL, 'R', 0, '2016-10-10 10:51:51', 9, '-', 1, 1, 0, 0, 0),
(498, '2559000003873', NULL, 'R', 0, '2016-10-10 10:51:59', 9, '-', 1, 1, 0, 0, 0),
(499, '2559000003880', NULL, 'R', 0, '2016-10-10 10:52:09', 9, '-', 1, 1, 0, 0, 0),
(500, '2559000004009', NULL, 'R', 0, '2016-10-10 10:52:16', 9, '-', 1, 1, 0, 0, 0),
(501, '2559000003897', NULL, 'R', 0, '2016-10-10 10:52:22', 9, '-', 1, 1, 0, 0, 0),
(502, '2559000003903', NULL, 'R', 0, '2016-10-10 10:52:27', 9, '-', 1, 1, 0, 0, 0),
(503, '2559000003927', NULL, 'R', 0, '2016-10-10 10:53:04', 9, '-', 1, 1, 0, 0, 0),
(504, '2559000003941', NULL, 'R', 0, '2016-10-10 10:53:11', 9, '-', 1, 1, 0, 0, 0),
(505, '2559000004054', NULL, 'R', 0, '2016-10-10 10:53:17', 9, '-', 1, 1, 0, 0, 0),
(506, '2559000003965', NULL, 'R', 0, '2016-10-10 10:53:22', 9, '-', 1, 1, 0, 0, 0),
(507, '2559000003972', NULL, 'R', 0, '2016-10-10 10:53:27', 9, '-', 1, 1, 0, 0, 0),
(508, '2559000003934', NULL, 'R', 0, '2016-10-10 10:53:34', 9, '-', 1, 1, 0, 0, 0),
(509, '2559000003910', NULL, 'R', 0, '2016-10-10 10:53:39', 9, '-', 1, 1, 0, 0, 0),
(510, '2559000003835', NULL, 'R', 0, '2016-10-10 10:54:20', 9, '-', 1, 1, 0, 0, 0),
(511, '2559000003842', NULL, 'R', 0, '2016-10-10 10:54:25', 9, '-', 1, 1, 0, 0, 0),
(512, '2559000003958', NULL, 'R', 0, '2016-10-10 10:54:30', 9, '-', 1, 1, 0, 0, 0),
(513, '2559000003866', NULL, 'R', 0, '2016-10-10 10:54:37', 9, '-', 1, 1, 0, 0, 0),
(514, '2559000003811', NULL, 'R', 0, '2016-10-10 10:54:46', 9, '-', 1, 1, 0, 0, 0),
(515, '2559000003828', NULL, 'R', 0, '2016-10-10 10:54:53', 9, '-', 1, 1, 0, 0, 0),
(516, '2559000004030', NULL, 'R', 0, '2016-10-10 13:11:06', 14, '-', 1, 1, 0, 0, 0),
(517, '2559000004023', NULL, 'R', 0, '2016-10-10 13:11:16', 14, '-', 1, 1, 0, 0, 0),
(518, '2559000004047', NULL, 'R', 0, '2016-10-10 13:11:21', 14, '-', 1, 1, 0, 0, 0),
(519, '2559000004047', '-', 'W', 42, '2016-10-10 13:11:50', 14, '-', 1, 1, 0, 0, 9475),
(520, '2559000004023', '-', 'W', 42, '2016-10-10 13:12:02', 14, '-', 1, 1, 0, 0, 9475),
(521, '2559000004030', '-', 'W', 42, '2016-10-10 13:12:32', 14, '-', 1, 1, 0, 0, 9475),
(522, '2559000002029', '-', 'W', 93, '2016-10-11 10:35:05', 7, '-', 1, 1, 0, 0, 9475),
(523, '2559000001503', '-', 'W', 198, '2016-10-11 15:27:07', 1, '-', 1, 1, 0, 0, 1978),
(524, '2559000001121', '-', 'W', 196, '2016-10-12 11:27:36', 9, '-', 1, 1, 0, 0, 1978),
(525, '2559000003637', '697/59', 'W', 295, '2016-10-12 13:53:28', 13, '-', 1, 1, 0, 0, 1978),
(526, '2559000004146', NULL, 'R', 0, '2016-10-12 14:27:25', 14, '-', 1, 1, 0, 0, 0),
(527, '2559000004139', NULL, 'R', 0, '2016-10-12 14:27:31', 14, '-', 1, 1, 0, 0, 0),
(528, '2559000004092', NULL, 'R', 0, '2016-10-12 14:27:37', 14, '-', 1, 1, 0, 0, 0),
(529, '2559000004108', NULL, 'R', 0, '2016-10-12 14:27:42', 14, '-', 1, 1, 0, 0, 0),
(530, '2559000004085', NULL, 'R', 0, '2016-10-12 14:27:48', 14, '-', 1, 1, 0, 0, 0),
(531, '2559000004061', NULL, 'R', 0, '2016-10-12 14:27:59', 14, '-', 1, 1, 0, 0, 0),
(532, '2559000004016', NULL, 'R', 0, '2016-10-12 14:28:06', 14, '-', 1, 1, 0, 0, 0),
(533, '2559000004153', NULL, 'R', 0, '2016-10-12 14:28:14', 14, '-', 1, 1, 0, 0, 0),
(534, '2559000004122', NULL, 'R', 0, '2016-10-12 14:28:19', 14, '-', 1, 1, 0, 0, 0),
(535, '2559000004115', NULL, 'R', 0, '2016-10-12 14:28:26', 14, '-', 1, 1, 0, 0, 0),
(536, '2559000004078', NULL, 'R', 0, '2016-10-12 14:28:33', 14, '-', 1, 1, 0, 0, 0),
(537, '2559000004139', '-', 'W', 198, '2016-10-12 14:28:58', 14, '-', 1, 1, 0, 0, 1978),
(538, '2559000004146', '-', 'W', 198, '2016-10-12 14:29:07', 14, '-', 1, 1, 0, 0, 1978),
(539, '2559000004115', '-', 'W', 198, '2016-10-12 14:29:17', 14, '-', 1, 1, 0, 0, 1978),
(540, '2559000004122', '-', 'W', 198, '2016-10-12 14:29:34', 14, '-', 1, 1, 0, 0, 1978),
(541, '2559000004108', '-', 'W', 198, '2016-10-12 14:29:44', 14, '-', 1, 1, 0, 0, 1978),
(542, '2559000004092', '-', 'W', 198, '2016-10-12 14:29:54', 14, '-', 1, 1, 0, 0, 1978),
(543, '2559000003569', '7440-010-0002/692/59', 'W', 138, '2016-10-13 13:57:41', 13, '-', 1, 1, 0, 0, 9475),
(544, '2559000003910', '7440-001-0001/535/47', 'W', 300, '2016-10-17 08:44:16', 9, '-', 1, 1, 0, 0, 1954),
(545, '2559000003965', '-', 'W', 95, '2016-10-19 08:20:48', 9, '-', 1, 1, 0, 0, 9475),
(546, '2559000002289', '-', 'W', 95, '2016-10-19 08:21:12', 8, '-', 1, 1, 0, 0, 9475),
(547, '2559000002173', '928/53', 'W', 167, '2016-10-19 08:26:08', 11, '-', 1, 1, 0, 0, 1978),
(548, '2559000001510', '1309-56', 'W', 88, '2016-10-19 08:26:46', 1, '-', 1, 1, 0, 0, 1879),
(549, '2559000003583', '689/59', 'W', 186, '2016-10-20 11:14:44', 13, '-', 1, 1, 0, 0, 9475),
(550, '2559000003644', '693/59', 'W', 186, '2016-10-20 11:16:33', 13, '-', 1, 1, 0, 0, 9475),
(551, '2559000003958', '-', 'W', 55, '2016-10-21 10:16:25', 9, '-', 1, 1, 0, 0, 1922),
(552, '2559000003958', NULL, 'R', 0, '2016-10-21 10:54:59', 9, '-', 1, 1, 0, 0, 0),
(553, '2559000003958', '-', 'W', 75, '2016-10-25 08:08:20', 9, '-', 1, 1, 0, 0, 1978),
(554, '2559000001862', '1423/56', 'W', 25, '2016-10-25 08:42:02', 8, '-', 1, 1, 0, 0, 1922),
(555, '2559000004719', '753/51', 'W', 255, '2016-10-26 13:23:04', 27, '-', 1, 1, 0, 0, 1978),
(556, '2559000001039', '573/47', 'W', 30, '2016-10-26 15:41:51', 9, '-', 1, 1, 0, 0, 1879),
(557, '2559000001060', '-', 'W', 302, '2016-10-27 10:33:19', 9, '-', 1, 1, 0, 0, 9475),
(558, '2559000003996', '1239/55', 'W', 302, '2016-10-27 10:34:35', 9, '-', 1, 1, 0, 0, 9475),
(559, '2559000003842', '1242/55', 'W', 302, '2016-10-27 10:35:06', 9, '-', 1, 1, 0, 0, 9475),
(560, '2559000003866', '1240/55', 'W', 302, '2016-10-27 10:35:35', 9, '-', 1, 1, 0, 0, 9475),
(561, '2559000002647', '1566/59', 'W', 95, '2016-10-27 11:40:59', 30, '-', 1, 1, 0, 0, 9475),
(562, '2559000003941', '104/40', 'W', 47, '2016-10-27 13:51:59', 9, '-', 1, 1, 0, 0, 1978),
(563, '2559000003941', '104-40', 'W', 198, '2016-10-27 13:52:49', 9, '-', 1, 1, 0, 0, 1978),
(564, '2559000002036', '493/47', 'W', 232, '2016-10-27 14:01:28', 7, '-', 1, 1, 0, 0, 1922),
(565, '2559000003941', '104/40', 'W', 198, '2016-10-27 14:06:37', 9, '-', 1, 1, 0, 0, 9475),
(566, '2559000002067', '-', 'W', 107, '2016-10-31 10:04:41', 7, '-', 1, 1, 0, 0, 1922),
(567, '2559000003576', '688/59', 'W', 110, '2016-11-01 09:54:38', 13, '-', 1, 1, 0, 0, 9475),
(568, '2559000000216', '812/53', 'W', 13, '2016-11-02 09:16:45', 8, '-', 1, 1, 0, 0, 9475),
(569, '2559000002227', '-', 'W', 293, '2016-11-03 08:20:48', 11, '-', 1, 1, 0, 0, 9475),
(570, '2559000004054', '922/53', 'W', 110, '2016-11-03 11:27:15', 9, '-', 1, 1, 0, 0, 9475),
(571, '2559000003606', '694/59', 'W', 150, '2016-11-03 14:01:10', 13, '-', 1, 1, 0, 0, 1879),
(572, '2559000003927', '749/51', 'W', 51, '2016-11-03 15:36:26', 9, '-', 1, 1, 0, 0, 1922),
(573, '2559000003804', '78722/57', 'W', 84, '2016-11-04 13:25:16', 14, '-', 1, 1, 0, 0, 9475),
(574, '2559000004153', '78748/57', 'W', 84, '2016-11-04 13:27:04', 14, '-', 1, 1, 0, 0, 9475),
(575, '2559000004078', '78749/57', 'W', 84, '2016-11-04 13:28:14', 14, '-', 1, 1, 0, 0, 9475),
(576, '2559000004085', '78751/57', 'W', 84, '2016-11-04 13:28:49', 14, '-', 1, 1, 0, 0, 9475),
(577, '2559000004016', '78750/57', 'W', 84, '2016-11-04 13:29:23', 14, '-', 1, 1, 0, 0, 9475),
(578, '2559000004061', '78753/57', 'W', 84, '2016-11-04 13:30:26', 14, '-', 1, 1, 0, 0, 9475),
(579, '2559000001619', '939/53', 'W', 138, '2016-11-07 08:17:45', 1, '-', 1, 1, 0, 0, 9475),
(580, '2559000000162', '256/44', 'W', 175, '2016-11-07 09:59:55', 8, '-', 1, 1, 0, 0, 1922),
(581, '2559000003774', '-', 'W', 205, '2016-11-07 14:54:38', 6, '-', 1, 1, 0, 0, 9475),
(582, '2559000002050', '416/49', 'W', 74, '2016-11-08 08:20:20', 7, '-', 1, 1, 0, 0, 1922),
(583, '2559000003972', '1243/55', 'W', 302, '2016-11-09 11:01:36', 9, '-', 1, 1, 0, 0, 9475),
(584, '2559000001084', '1248/55', 'W', 302, '2016-11-09 11:01:52', 9, '-', 1, 1, 0, 0, 9475),
(585, '2559000004009', '961/53', 'W', 302, '2016-11-09 11:02:08', 9, '-', 1, 1, 0, 0, 9475),
(586, '2559000001985', '1274/56', 'W', 255, '2016-11-09 13:57:07', 8, '-', 1, 1, 0, 0, 1978),
(587, '2559000001992', '682/49', 'W', 95, '2016-11-10 08:34:06', 8, '-', 1, 1, 0, 0, 1954),
(588, '2559000003682', '1190/55', 'W', 4, '2016-11-10 09:27:30', 6, '-', 1, 1, 0, 0, 1922),
(589, '2559000001961', '1190/55', 'W', 4, '2016-11-10 09:43:07', 11, '-', 1, 1, 0, 0, 1922),
(590, '2559000002234', '-', 'W', 53, '2016-11-10 10:10:26', 8, '-', 1, 1, 0, 0, 1922),
(591, '2559000003835', '321/46', 'W', 131, '2016-11-10 11:19:13', 9, '-', 1, 1, 0, 0, 1954),
(592, '2559000003828', '-', 'W', 95, '2016-11-11 08:10:44', 9, '-', 1, 1, 0, 0, 1879);
INSERT INTO `transaction` (`Id`, `SerialNumber`, `KurupanNumber`, `TypeID`, `DepartmentID`, `Date`, `GroupID`, `DeviceOfCompany`, `StoreID`, `LocID`, `ToStoreID`, `ToLocID`, `PersonID`) VALUES
(593, '2559000002241', '7440-001-0001/703/49', 'W', 110, '2016-11-11 09:15:06', 8, '-', 1, 1, 0, 0, 1922),
(594, '2559000000391', '-', 'W', 67, '2016-11-11 10:49:41', 3, '-', 1, 1, 0, 0, 9475),
(595, '2559000001527', '-', 'W', 67, '2016-11-11 10:50:31', 1, '-', 1, 1, 0, 0, 9475),
(596, '2559000000063', '-', 'W', 67, '2016-11-11 10:51:01', 4, '-', 1, 1, 0, 0, 9475),
(597, '2559000002869', '-', 'W', 67, '2016-11-11 10:51:13', 6, '-', 1, 1, 0, 0, 9475),
(598, '2559000004573', NULL, 'R', 0, '2016-11-11 10:53:57', 28, '-', 1, 1, 0, 0, 0),
(599, '2559000004573', NULL, 'R', 0, '2016-11-11 10:53:59', 28, '-', 1, 1, 0, 0, 0),
(600, '2559000004573', NULL, 'R', 0, '2016-11-11 10:54:01', 28, '-', 1, 1, 0, 0, 0),
(601, '2559000004573', '-', 'W', 67, '2016-11-11 10:54:25', 28, '-', 1, 1, 0, 0, 9475),
(602, '2559000004597', NULL, 'R', 0, '2016-11-11 10:54:49', 28, '-', 1, 1, 0, 0, 0),
(603, '2559000004580', NULL, 'R', 0, '2016-11-11 10:54:54', 28, '-', 1, 1, 0, 0, 0),
(604, '2559000004603', NULL, 'R', 0, '2016-11-11 10:54:59', 28, '-', 1, 1, 0, 0, 0),
(605, '2559000004634', NULL, 'R', 0, '2016-11-11 10:55:05', 28, '-', 1, 1, 0, 0, 0),
(606, '2559000004641', NULL, 'R', 0, '2016-11-11 10:55:12', 28, '-', 1, 1, 0, 0, 0),
(607, '2559000004658', NULL, 'R', 0, '2016-11-11 10:55:19', 28, '-', 1, 1, 0, 0, 0),
(608, '2559000004658', NULL, 'R', 0, '2016-11-11 10:55:22', 28, '-', 1, 1, 0, 0, 0),
(609, '2559000004658', NULL, 'R', 0, '2016-11-11 10:55:24', 28, '-', 1, 1, 0, 0, 0),
(610, '2559000004504', NULL, 'R', 0, '2016-11-14 14:41:34', 13, '-', 1, 1, 0, 0, 0),
(611, '2559000004504', '707/60', 'W', 171, '2016-11-14 14:42:11', 13, '-', 1, 1, 0, 0, 1978),
(612, '2559000004498', NULL, 'R', 0, '2016-11-14 14:45:15', 13, '-', 1, 1, 0, 0, 0),
(613, '2559000004566', NULL, 'R', 0, '2016-11-14 14:45:41', 13, '-', 1, 1, 0, 0, 0),
(614, '2559000004467', NULL, 'R', 0, '2016-11-14 14:47:04', 13, '-', 1, 1, 0, 0, 0),
(615, '2559000004474', NULL, 'R', 0, '2016-11-14 14:47:10', 13, '-', 1, 1, 0, 0, 0),
(616, '2559000004610', NULL, 'R', 0, '2016-11-14 14:47:15', 13, '-', 1, 1, 0, 0, 0),
(617, '2559000004627', NULL, 'R', 0, '2016-11-14 14:47:21', 13, '-', 1, 1, 0, 0, 0),
(618, '2559000004559', NULL, 'R', 0, '2016-11-14 14:47:35', 13, '-', 1, 1, 0, 0, 0),
(619, '2559000002258', '-', 'W', 138, '2016-11-15 08:51:05', 8, '-', 1, 1, 0, 0, 9475),
(620, '2559000001473', '1521/58', 'W', 124, '2016-11-15 10:52:13', 1, '-', 1, 1, 0, 0, 1879),
(621, '2559000001596', '-', 'W', 108, '2016-11-16 09:23:04', 1, '-', 1, 1, 0, 0, 1922),
(622, '2559000001701', '1445/56', 'W', 95, '2016-11-16 11:26:09', 7, '-', 1, 1, 0, 0, 1879),
(623, '2559000001695', '1445/56', 'W', 95, '2016-11-16 11:26:31', 7, '-', 1, 1, 0, 0, 1879),
(624, '2559000004290', NULL, 'R', 0, '2016-11-17 09:18:23', 28, '-', 1, 1, 0, 0, 0),
(625, '2559000004429', NULL, 'R', 0, '2016-11-17 09:18:28', 28, '-', 1, 1, 0, 0, 0),
(626, '2559000004412', NULL, 'R', 0, '2016-11-17 09:18:33', 28, '-', 1, 1, 0, 0, 0),
(627, '2559000004382', NULL, 'R', 0, '2016-11-17 09:18:38', 28, '-', 1, 1, 0, 0, 0),
(628, '2559000004368', NULL, 'R', 0, '2016-11-17 09:18:42', 28, '-', 1, 1, 0, 0, 0),
(629, '2559000004375', NULL, 'R', 0, '2016-11-17 09:18:47', 28, '-', 1, 1, 0, 0, 0),
(630, '2559000004405', NULL, 'R', 0, '2016-11-17 09:18:52', 28, '-', 1, 1, 0, 0, 0),
(631, '2559000004511', NULL, 'R', 0, '2016-11-17 09:18:59', 28, '-', 1, 1, 0, 0, 0),
(632, '2559000004528', NULL, 'R', 0, '2016-11-17 09:19:04', 28, '-', 1, 1, 0, 0, 0),
(633, '2559000004535', NULL, 'R', 0, '2016-11-17 09:19:09', 28, '-', 1, 1, 0, 0, 0),
(634, '2559000004542', NULL, 'R', 0, '2016-11-17 09:19:20', 28, '-', 1, 1, 0, 0, 0),
(635, '2559000004269', NULL, 'R', 0, '2016-11-17 09:19:25', 28, '-', 1, 1, 0, 0, 0),
(636, '2559000004276', NULL, 'R', 0, '2016-11-17 09:19:29', 28, '-', 1, 1, 0, 0, 0),
(637, '2559000004283', NULL, 'R', 0, '2016-11-17 09:19:34', 28, '-', 1, 1, 0, 0, 0),
(638, '2559000004344', NULL, 'R', 0, '2016-11-17 09:19:38', 28, '-', 1, 1, 0, 0, 0),
(639, '2559000004337', NULL, 'R', 0, '2016-11-17 09:19:43', 28, '-', 1, 1, 0, 0, 0),
(640, '2559000004320', NULL, 'R', 0, '2016-11-17 09:19:59', 28, '-', 1, 1, 0, 0, 0),
(641, '2559000004313', NULL, 'R', 0, '2016-11-17 09:20:05', 28, '-', 1, 1, 0, 0, 0),
(642, '2559000004450', NULL, 'R', 0, '2016-11-17 09:20:09', 28, '-', 1, 1, 0, 0, 0),
(643, '2559000004436', NULL, 'R', 0, '2016-11-17 09:20:15', 28, '-', 1, 1, 0, 0, 0),
(644, '2559000004443', NULL, 'R', 0, '2016-11-17 09:20:22', 28, '-', 1, 1, 0, 0, 0),
(645, '2559000004399', NULL, 'R', 0, '2016-11-17 09:20:29', 28, '-', 1, 1, 0, 0, 0),
(646, '2559000002548', '970/53', 'W', 95, '2016-11-17 14:10:38', 6, '-', 1, 1, 0, 0, 9475),
(647, '2559000001442', '6515-022-3203/2/52', 'W', 248, '2016-11-17 15:30:22', 2, '-', 1, 1, 0, 0, 1978),
(648, '2559000004467', '7440-010-0002/765/60', 'W', 1, '2016-11-18 10:31:29', 13, '-', 1, 1, 0, 0, 1879),
(649, '2559000004238', NULL, 'R', 0, '2016-11-18 10:39:39', 1, '-', 1, 1, 0, 0, 0),
(650, '2559000004221', NULL, 'R', 0, '2016-11-18 10:39:45', 1, '-', 1, 1, 0, 0, 0),
(651, '2559000004306', NULL, 'R', 0, '2016-11-18 10:39:51', 1, '-', 1, 1, 0, 0, 0),
(652, '2559000004214', NULL, 'R', 0, '2016-11-18 10:39:57', 1, '-', 1, 1, 0, 0, 0),
(653, '2559000004245', NULL, 'R', 0, '2016-11-18 10:40:03', 1, '-', 1, 1, 0, 0, 0),
(654, '2559000003903', '7440-001-0001/404/46', 'W', 158, '2016-11-18 11:00:56', 9, '-', 1, 1, 0, 0, 1922),
(655, '2559000000629', '7440-001-0001/404/46', 'W', 158, '2016-11-18 11:01:41', 8, '-', 1, 1, 0, 0, 1922),
(656, '2559000001497', '7440-001-0001/1234/55', 'W', 302, '2016-11-18 14:49:54', 1, '-', 1, 1, 0, 0, 9475),
(657, '2559000004337', '-', 'W', 231, '2016-11-21 09:20:46', 28, '-', 1, 1, 0, 0, 1922),
(658, '2559000004313', '270/56', 'W', 286, '2016-11-21 09:23:30', 28, '-', 1, 1, 0, 0, 1978),
(659, '2559000004665', NULL, 'R', 0, '2016-11-21 09:40:59', 1, '-', 1, 1, 0, 0, 0),
(660, '2559000004177', NULL, 'R', 0, '2016-11-21 09:41:04', 1, '-', 1, 1, 0, 0, 0),
(661, '2559000004689', NULL, 'R', 0, '2016-11-21 09:41:10', 1, '-', 1, 1, 0, 0, 0),
(662, '2559000004252', NULL, 'R', 0, '2016-11-21 09:41:19', 1, '-', 1, 1, 0, 0, 0),
(663, '2559000004184', NULL, 'R', 0, '2016-11-21 09:41:24', 1, '-', 1, 1, 0, 0, 0),
(664, '2559000005396', NULL, 'R', 0, '2016-11-21 09:41:31', 1, '-', 1, 1, 0, 0, 0),
(665, '2559000005402', NULL, 'R', 0, '2016-11-21 09:41:39', 1, '-', 1, 1, 0, 0, 0),
(666, '2559000005419', NULL, 'R', 0, '2016-11-21 09:41:47', 1, '-', 1, 1, 0, 0, 0),
(667, '2559000004696', NULL, 'R', 0, '2016-11-21 09:41:53', 1, '-', 1, 1, 0, 0, 0),
(668, '2559000005471', NULL, 'R', 0, '2016-11-21 09:42:00', 1, '-', 1, 1, 0, 0, 0),
(669, '2559000005464', NULL, 'R', 0, '2016-11-21 09:42:09', 1, '-', 1, 1, 0, 0, 0),
(670, '2559000005440', NULL, 'R', 0, '2016-11-21 09:42:16', 1, '-', 1, 1, 0, 0, 0),
(671, '2559000005372', NULL, 'R', 0, '2016-11-21 09:42:23', 1, '-', 1, 1, 0, 0, 0),
(672, '2559000005549', NULL, 'R', 0, '2016-11-21 09:42:31', 1, '-', 1, 1, 0, 0, 0),
(673, '2559000004160', NULL, 'R', 0, '2016-11-21 09:43:14', 1, '-', 1, 1, 0, 0, 0),
(674, '2559000005389', NULL, 'R', 0, '2016-11-21 09:43:21', 1, '-', 1, 1, 0, 0, 0),
(675, '2559000005426', NULL, 'R', 0, '2016-11-21 09:43:33', 1, '-', 1, 1, 0, 0, 0),
(676, '2559000005433', NULL, 'R', 0, '2016-11-21 09:43:49', 1, '-', 1, 1, 0, 0, 0),
(677, '2559000004672', NULL, 'R', 0, '2016-11-21 09:43:55', 1, '-', 1, 1, 0, 0, 0),
(678, '2559000004191', NULL, 'R', 0, '2016-11-21 09:44:01', 1, '-', 1, 1, 0, 0, 0),
(679, '2559000004207', NULL, 'R', 0, '2016-11-21 09:44:06', 1, '-', 1, 1, 0, 0, 0),
(680, '2559000004702', NULL, 'R', 0, '2016-11-21 09:44:12', 1, '-', 1, 1, 0, 0, 0),
(681, '2559000005518', NULL, 'R', 0, '2016-11-21 09:44:35', 1, '-', 1, 1, 0, 0, 0),
(682, '2559000005525', NULL, 'R', 0, '2016-11-21 09:44:44', 1, '-', 1, 1, 0, 0, 0),
(683, '2559000002012', '341/47', 'W', 232, '2016-11-21 10:34:33', 7, '-', 1, 1, 0, 0, 1922),
(684, '2559000005563', NULL, 'R', 0, '2016-11-21 10:40:05', 7, '-', 1, 1, 0, 0, 0),
(685, '2559000005570', NULL, 'R', 0, '2016-11-21 10:40:10', 7, '-', 1, 1, 0, 0, 0),
(686, '2559000005488', NULL, 'R', 0, '2016-11-21 10:40:16', 7, '-', 1, 1, 0, 0, 0),
(687, '2559000005495', NULL, 'R', 0, '2016-11-21 10:40:20', 7, '-', 1, 1, 0, 0, 0),
(688, '2559000005501', NULL, 'R', 0, '2016-11-21 10:40:25', 7, '-', 1, 1, 0, 0, 0),
(689, '2559000005082', NULL, 'R', 0, '2016-11-21 10:40:31', 7, '-', 1, 1, 0, 0, 0),
(690, '2559000005099', NULL, 'R', 0, '2016-11-21 10:40:36', 7, '-', 1, 1, 0, 0, 0),
(691, '2559000005105', NULL, 'R', 0, '2016-11-21 10:40:41', 7, '-', 1, 1, 0, 0, 0),
(692, '2559000005112', NULL, 'R', 0, '2016-11-21 10:40:48', 7, '-', 1, 1, 0, 0, 0),
(693, '2559000005129', NULL, 'R', 0, '2016-11-21 10:40:54', 7, '-', 1, 1, 0, 0, 0),
(694, '2559000002074', '1130/54', 'W', 124, '2016-11-21 14:26:06', 7, '-', 1, 1, 0, 0, 1879),
(695, '2559000003880', '542/47', 'W', 79, '2016-11-22 10:51:05', 9, '-', 1, 1, 0, 0, 1922),
(696, '2559000003934', '1262/56', 'W', 232, '2016-11-22 10:51:27', 9, '-', 1, 1, 0, 0, 1922),
(697, '2559000001688', '1365/56', 'W', 42, '2016-11-22 14:07:42', 7, '-', 1, 1, 0, 0, 9475),
(698, '2559000002043', '455/47', 'W', 42, '2016-11-22 14:12:28', 7, '-', 1, 1, 0, 0, 9475),
(699, '2559000005594', NULL, 'R', 0, '2016-11-23 09:06:14', 6, '-', 1, 1, 0, 0, 0),
(700, '2559000005600', NULL, 'R', 0, '2016-11-23 09:06:19', 6, '-', 1, 1, 0, 0, 0),
(701, '2559000005617', NULL, 'R', 0, '2016-11-23 09:06:29', 6, '-', 1, 1, 0, 0, 0),
(702, '2559000005624', NULL, 'R', 0, '2016-11-23 09:06:39', 6, '-', 1, 1, 0, 0, 0),
(703, '2559000005631', NULL, 'R', 0, '2016-11-23 09:06:46', 6, '-', 1, 1, 0, 0, 0),
(704, '2559000005648', NULL, 'R', 0, '2016-11-23 09:06:53', 6, '-', 1, 1, 0, 0, 0),
(705, '2559000005662', NULL, 'R', 0, '2016-11-23 09:07:07', 6, '-', 1, 1, 0, 0, 0),
(706, '2559000005679', NULL, 'R', 0, '2016-11-23 09:07:17', 6, '-', 1, 1, 0, 0, 0),
(707, '2559000005686', NULL, 'R', 0, '2016-11-23 09:07:25', 6, '-', 1, 1, 0, 0, 0),
(708, '2559000005693', NULL, 'R', 0, '2016-11-23 09:07:29', 6, '-', 1, 1, 0, 0, 0),
(709, '2559000005709', NULL, 'R', 0, '2016-11-23 09:07:33', 6, '-', 1, 1, 0, 0, 0),
(710, '2559000005167', NULL, 'R', 0, '2016-11-23 09:07:40', 6, '-', 1, 1, 0, 0, 0),
(711, '2559000005174', NULL, 'R', 0, '2016-11-23 09:07:48', 6, '-', 1, 1, 0, 0, 0),
(712, '2559000005181', NULL, 'R', 0, '2016-11-23 09:07:53', 6, '-', 1, 1, 0, 0, 0),
(713, '2559000005310', NULL, 'R', 0, '2016-11-23 09:08:05', 6, '-', 1, 1, 0, 0, 0),
(714, '2559000005327', NULL, 'R', 0, '2016-11-23 09:08:14', 6, '-', 1, 1, 0, 0, 0),
(715, '2559000005334', NULL, 'R', 0, '2016-11-23 09:08:28', 6, '-', 1, 1, 0, 0, 0),
(716, '2559000005280', NULL, 'R', 0, '2016-11-23 09:08:35', 6, '-', 1, 1, 0, 0, 0),
(717, '2559000005297', NULL, 'R', 0, '2016-11-23 09:08:42', 6, '-', 1, 1, 0, 0, 0),
(718, '2559000005303', NULL, 'R', 0, '2016-11-23 09:08:47', 6, '-', 1, 1, 0, 0, 0),
(719, '2559000005716', NULL, 'R', 0, '2016-11-23 09:08:56', 6, '-', 1, 1, 0, 0, 0),
(720, '2559000005723', NULL, 'R', 0, '2016-11-23 09:09:01', 6, '-', 1, 1, 0, 0, 0),
(721, '2559000005341', NULL, 'R', 0, '2016-11-23 09:09:06', 6, '-', 1, 1, 0, 0, 0),
(722, '2559000005365', NULL, 'R', 0, '2016-11-23 09:09:16', 6, '-', 1, 1, 0, 0, 0),
(723, '2559000005228', NULL, 'R', 0, '2016-11-23 09:09:24', 6, '-', 1, 1, 0, 0, 0),
(724, '2559000005235', NULL, 'R', 0, '2016-11-23 09:09:30', 6, '-', 1, 1, 0, 0, 0),
(725, '2559000005242', NULL, 'R', 0, '2016-11-23 09:09:37', 6, '-', 1, 1, 0, 0, 0),
(726, '2559000005761', NULL, 'R', 0, '2016-11-23 09:10:11', 6, '-', 1, 1, 0, 0, 0),
(727, '2559000005730', NULL, 'R', 0, '2016-11-23 09:10:35', 6, '-', 1, 1, 0, 0, 0),
(728, '2559000005587', NULL, 'R', 0, '2016-11-23 09:11:39', 6, '-', 1, 1, 0, 0, 0),
(730, '2559000005747', NULL, 'R', 0, '2016-11-23 14:40:35', 14, '-', 1, 1, 0, 0, 0),
(731, '2559000005747', '-', 'W', 1, '2016-11-23 14:44:10', 14, '-', 1, 1, 0, 0, 1922),
(732, '2559000003552', '-', 'W', 1, '2016-11-23 14:44:30', 14, '-', 1, 1, 0, 0, 1922),
(733, '2559000003545', '-', 'W', 1, '2016-11-23 14:44:46', 14, '-', 1, 1, 0, 0, 1922),
(734, '2559000003538', '-', 'W', 1, '2016-11-23 14:45:06', 14, '-', 1, 1, 0, 0, 1922),
(735, '2559000003521', '-', 'W', 1, '2016-11-23 14:45:31', 14, '-', 1, 1, 0, 0, 1922),
(736, '2559000003590', '-', 'W', 1, '2016-11-23 14:45:50', 14, '-', 1, 1, 0, 0, 1922),
(737, '2559000001800', 'ID-69985', 'W', 1, '2016-11-23 15:18:22', 7, '-', 1, 1, 0, 0, 1879),
(738, '2559000004498', '7440-010-0002/706/60', 'W', 104, '2016-11-24 08:10:53', 13, '-', 1, 1, 0, 0, 1879),
(739, '2559000002166', '1283/56', 'W', 293, '2016-11-25 08:38:31', 11, '-', 1, 1, 0, 0, 9475),
(740, '2559000000964', '1573/59', 'W', 148, '2016-11-25 08:42:01', 31, '-', 1, 1, 0, 0, 1922),
(741, '2559000001015', '1283/56', 'W', 293, '2016-11-25 08:47:48', 9, '-', 1, 1, 0, 0, 9475),
(742, '2559000003897', '1283/56', 'W', 293, '2016-11-25 08:48:04', 9, '-', 1, 1, 0, 0, 9475),
(743, '2559000000636', '1283/56', 'W', 293, '2016-11-25 08:48:21', 8, '-', 1, 1, 0, 0, 9475),
(744, '2559000000360', '1563/59', 'W', 148, '2016-11-25 09:23:50', 31, '-', 1, 1, 0, 0, 1922),
(745, '2559000000971', '1561/59', 'W', 148, '2016-11-25 10:28:54', 31, '-', 1, 1, 0, 0, 1922),
(746, '2559000002265', '1024/54', 'W', 25, '2016-11-25 13:44:54', 8, '-', 1, 1, 0, 0, 1922),
(747, '2559000000810', '1622/59', 'W', 124, '2016-11-25 14:43:15', 32, '-', 1, 1, 0, 0, 1879),
(748, '2559000002791', '1626/59', 'W', 124, '2016-11-25 14:53:34', 12, '-', 1, 1, 0, 0, 1879),
(749, '2559000003309', '1626/59', 'W', 124, '2016-11-25 14:53:46', 23, '-', 1, 1, 0, 0, 1879),
(750, '2559000000889', '1626/59', 'W', 124, '2016-11-25 14:53:59', 32, '-', 1, 1, 0, 0, 1879),
(751, '2559000003224', '1609/59', 'W', 124, '2016-11-25 14:54:49', 23, '-', 1, 1, 0, 0, 1879),
(752, '2559000003446', '1609/59', 'W', 124, '2016-11-25 14:55:06', 12, '-', 1, 1, 0, 0, 1879),
(753, '2559000002753', '1622/59', 'W', 124, '2016-11-25 14:55:42', 12, '-', 1, 1, 0, 0, 1879),
(754, '2559000003361', '1622/59', 'W', 124, '2016-11-25 14:56:35', 23, '-', 1, 1, 0, 0, 1879),
(755, '2559000000704', '1609/59', 'W', 124, '2016-11-25 15:03:36', 32, '-', 1, 1, 0, 0, 1879),
(756, '2559000001824', '7440-001-0001/1285/56', 'W', 124, '2016-11-26 14:58:23', 7, '-', 1, 1, 0, 0, 1879),
(757, '2559000001817', '7440-009-0001/460/47', 'W', 124, '2016-11-26 17:23:48', 7, '-', 1, 1, 0, 0, 1879),
(758, '2559000003873', '7440-014-0001-370-59', 'W', 124, '2016-11-28 08:26:24', 9, '-', 1, 1, 0, 0, 1879),
(759, '2559000001886', '7440-014-0001-371/59', 'W', 124, '2016-11-28 08:27:21', 8, '-', 1, 1, 0, 0, 1879),
(760, '2559000003811', '7440-014-0001/370/59', 'W', 124, '2016-11-28 08:28:06', 9, '-', 1, 1, 0, 0, 1879),
(761, '2559000003071', '1624/59', 'W', 148, '2016-11-28 08:31:37', 12, '-', 1, 1, 0, 0, 1922),
(764, '2559000003019', '1629/59', 'W', 124, '2016-11-28 08:32:48', 12, '-', 1, 1, 0, 0, 1922),
(765, '2559000004863', '1629/59', 'W', 124, '2016-11-28 08:33:02', 23, '-', 1, 1, 0, 0, 1922),
(766, '2559000000827', '1629/59', 'W', 124, '2016-11-28 08:33:15', 32, '-', 1, 1, 0, 0, 1922),
(767, '2559000004894', '1585/59', 'W', 124, '2016-11-28 08:33:36', 23, '-', 1, 1, 0, 0, 1922),
(768, '2559000003095', '1585/59', 'W', 124, '2016-11-28 08:33:49', 12, '-', 1, 1, 0, 0, 1922),
(769, '2559000000025', '1585/59', 'W', 124, '2016-11-28 08:34:01', 31, '-', 1, 1, 0, 0, 1922),
(772, '2559000004801', '1573/59', 'W', 148, '2016-11-28 08:36:33', 23, '-', 1, 1, 0, 0, 1922),
(773, '2559000003040', '1573/59', 'W', 148, '2016-11-28 08:37:18', 12, '-', 1, 1, 0, 0, 1922),
(774, '2559000000926', '1572/59', 'W', 148, '2016-11-28 08:41:01', 31, '-', 1, 1, 0, 0, 1922),
(775, '2559000004856', '1572/59', 'W', 148, '2016-11-28 08:41:30', 23, '-', 1, 1, 0, 0, 1922),
(776, '2559000002807', '1572/59', 'W', 148, '2016-11-28 08:41:45', 12, '-', 1, 1, 0, 0, 1922),
(777, '2559000000780', '1603/59', 'W', 148, '2016-11-28 08:44:59', 32, '-', 1, 1, 0, 0, 1922),
(778, '2559000002692', '1603/59', 'W', 148, '2016-11-28 08:45:14', 12, '-', 1, 1, 0, 0, 1922),
(779, '2559000003200', '1603/59', 'W', 148, '2016-11-28 08:45:53', 23, '-', 1, 1, 0, 0, 1922),
(780, '2559000004818', '1583/59', 'W', 148, '2016-11-28 08:47:07', 23, '-', 1, 1, 0, 0, 1922),
(781, '2559000000995', '1583/59', 'W', 148, '2016-11-28 08:47:19', 31, '-', 1, 1, 0, 0, 1922),
(782, '2559000003415', '1583/59', 'W', 148, '2016-11-28 08:47:32', 12, '-', 1, 1, 0, 0, 1922),
(784, '2559000004948', '1561/59', 'W', 148, '2016-11-28 08:48:20', 23, '-', 1, 1, 0, 0, 1922),
(785, '2559000003033', '1561/59', 'W', 148, '2016-11-28 08:48:34', 12, '-', 1, 1, 0, 0, 1922),
(786, '2559000004849', '1615/59', 'W', 148, '2016-11-28 08:49:12', 23, '-', 1, 1, 0, 0, 1922),
(787, '2559000003439', '1615/59', 'W', 148, '2016-11-28 08:49:26', 12, '-', 1, 1, 0, 0, 1922),
(788, '2559000000728', '1615/59', 'W', 148, '2016-11-28 08:49:38', 32, '-', 1, 1, 0, 0, 1922),
(789, '2559000000841', '1611/59', 'W', 148, '2016-11-28 08:50:05', 32, '-', 1, 1, 0, 0, 1922),
(790, '2559000003286', '1611/59', 'W', 148, '2016-11-28 08:50:36', 23, '-', 1, 1, 0, 0, 1922),
(791, '2559000003101', '1611/59', 'W', 148, '2016-11-28 08:51:03', 12, '-', 1, 1, 0, 0, 1922),
(792, '2559000002722', '1571/59', 'W', 148, '2016-11-28 08:51:36', 12, '-', 1, 1, 0, 0, 1922),
(793, '2559000004917', '1571/59', 'W', 148, '2016-11-28 08:51:52', 23, '-', 1, 1, 0, 0, 1922),
(794, '2559000000018', '1571/59', 'W', 148, '2016-11-28 08:52:25', 31, '-', 1, 1, 0, 0, 1922),
(795, '2559000003231', '1620/59', 'W', 148, '2016-11-28 08:53:34', 23, '-', 1, 1, 0, 0, 1922),
(796, '2559000000797', '1620/59', 'W', 148, '2016-11-28 08:53:56', 32, '-', 1, 1, 0, 0, 1922),
(797, '2559000003156', '1620/59', 'W', 148, '2016-11-28 08:54:12', 12, '-', 1, 1, 0, 0, 1922),
(798, '2559000000773', '1623/59', 'W', 148, '2016-11-28 08:54:40', 32, '-', 1, 1, 0, 0, 1922),
(799, '2559000004955', '1623/59', 'W', 148, '2016-11-28 08:54:55', 23, '-', 1, 1, 0, 0, 1922),
(800, '2559000002814', '1623/59', 'W', 148, '2016-11-28 08:55:10', 12, '-', 1, 1, 0, 0, 1922),
(801, '2559000003132', '1565/59', 'W', 148, '2016-11-28 08:55:45', 12, '-', 1, 1, 0, 0, 1922),
(802, '2559000004870', '1565/59', 'W', 148, '2016-11-28 08:56:08', 23, '-', 1, 1, 0, 0, 1922),
(803, '2559000000988', '1565/59', 'W', 148, '2016-11-28 08:56:30', 31, '-', 1, 1, 0, 0, 1922),
(804, '2559000002968', '1563/59', 'W', 148, '2016-11-28 08:57:08', 12, '-', 1, 1, 0, 0, 1922),
(805, '2559000003279', '1563/59', 'W', 148, '2016-11-28 08:57:28', 23, '-', 1, 1, 0, 0, 1922),
(807, '2559000002739', '1596/59', 'W', 148, '2016-11-28 08:58:13', 12, '-', 1, 1, 0, 0, 1922),
(808, '2559000003187', '1596/59', 'W', 148, '2016-11-28 08:58:27', 23, '-', 1, 1, 0, 0, 1922),
(809, '2559000001008', '1596/59', 'W', 148, '2016-11-28 08:58:49', 31, '-', 1, 1, 0, 0, 1922),
(810, '2559000005778', NULL, 'R', 0, '2016-11-28 09:33:49', 14, '-', 1, 1, 0, 0, 0),
(811, '2559000005778', NULL, 'R', 0, '2016-11-28 09:34:09', 14, '-', 1, 1, 0, 0, 0),
(812, '2559000005785', NULL, 'R', 0, '2016-11-28 09:34:17', 14, '-', 1, 1, 0, 0, 0),
(813, '2559000005792', NULL, 'R', 0, '2016-11-28 09:34:22', 14, '-', 1, 1, 0, 0, 0),
(814, '2559000005792', NULL, 'R', 0, '2016-11-28 09:34:25', 14, '-', 1, 1, 0, 0, 0),
(815, '2559000005778', '-', 'W', 148, '2016-11-28 09:34:50', 14, '-', 1, 1, 0, 0, 1922),
(816, '2559000005785', '-', 'W', 148, '2016-11-28 09:35:08', 14, '-', 1, 1, 0, 0, 1922),
(817, '2559000005792', '-', 'W', 148, '2016-11-28 09:35:31', 14, '-', 1, 1, 0, 0, 1922),
(818, '2559000002883', '-', 'W', 8, '2016-11-28 11:41:29', 6, '-', 1, 1, 0, 0, 1978),
(819, '2559000004726', '-', 'W', 28, '2016-11-28 11:41:52', 27, '-', 1, 1, 0, 0, 1978),
(820, '2559000000605', '7440-001-0001/161/42', 'W', 9, '2016-11-28 13:34:05', 8, '-', 1, 1, 0, 0, 9475),
(821, '2559000001077', '7440-001-0001/853/53', 'W', 268, '2016-11-28 13:46:30', 9, '-', 1, 1, 0, 0, 1879),
(822, '2559000005839', NULL, 'R', 0, '2016-11-29 08:21:58', 14, '-', 1, 1, 0, 0, 0),
(823, '2559000005808', NULL, 'R', 0, '2016-11-29 08:22:08', 14, '-', 1, 1, 0, 0, 0),
(824, '2559000005815', NULL, 'R', 0, '2016-11-29 08:22:24', 14, '-', 1, 1, 0, 0, 0),
(825, '2559000005822', NULL, 'R', 0, '2016-11-29 08:22:30', 14, '-', 1, 1, 0, 0, 0),
(826, '2559000005822', NULL, 'R', 0, '2016-11-29 08:22:32', 14, '-', 1, 1, 0, 0, 0),
(827, '2559000005822', NULL, 'R', 0, '2016-11-29 08:22:32', 14, '-', 1, 1, 0, 0, 0),
(828, '2559000005839', '78772/57', 'W', 132, '2016-11-29 08:24:42', 14, '-', 1, 1, 0, 0, 1978),
(829, '2559000005808', '78773/57', 'W', 132, '2016-11-29 08:25:05', 14, '-', 1, 1, 0, 0, 1978),
(830, '2559000005815', '78770/57', 'W', 132, '2016-11-29 08:25:33', 14, '-', 1, 1, 0, 0, 1978),
(831, '2559000005822', '78771/57', 'W', 132, '2016-11-29 08:25:49', 14, '-', 1, 1, 0, 0, 1978),
(832, '2559000001923', '7440-001-0001/1122/54', 'W', 171, '2016-11-29 11:51:15', 8, '-', 1, 1, 0, 0, 3074),
(833, '2559000004610', '763/60', 'W', 293, '2016-11-29 15:31:02', 13, '-', 1, 1, 0, 0, 9475),
(834, '2559000004559', '762/60', 'W', 293, '2016-11-29 15:33:22', 13, '-', 1, 1, 0, 0, 3074),
(835, '2559000001879', '-', 'W', 73, '2016-11-29 15:37:10', 8, '-', 1, 1, 0, 0, 9475),
(836, '2559000002005', '6515-027-2003/41/52', 'W', 288, '2016-11-30 10:23:16', 8, '-', 1, 1, 0, 0, 1922),
(837, '2559000005365', '470/47', 'W', 132, '2016-11-30 14:49:55', 6, '-', 1, 1, 0, 0, 1978),
(838, '2559000005389', '7440-014-0023/2/53', 'W', 95, '2016-11-30 15:12:21', 1, '-', 1, 1, 0, 0, 806),
(839, '2559000005549', '7440-014-0023/2/53', 'W', 95, '2016-11-30 15:48:40', 1, '-', 1, 1, 0, 0, 806),
(840, '2559000004672', '7440-014-0023/2/53', 'W', 95, '2016-11-30 15:49:06', 1, '-', 1, 1, 0, 0, 806),
(841, '2559000005105', 'id-72269', 'W', 77, '2016-12-02 11:06:20', 7, '-', 1, 1, 0, 0, 1879),
(842, '2559000005501', '7440-009/0001/304/46', 'W', 98, '2016-12-02 15:39:40', 7, '-', 1, 1, 0, 0, 1879),
(843, '2559000001930', '7440-014-0001/240/51', 'W', 300, '2016-12-06 07:55:07', 8, '-', 1, 1, 0, 0, 1978),
(844, '2559000000261', '7440-014-0001/240/51', 'W', 300, '2016-12-06 07:56:03', 9, '-', 1, 1, 0, 0, 1978),
(845, '2559000005242', 'acer 6155', 'W', 182, '2016-12-06 08:23:03', 6, '-', 1, 1, 0, 0, 1978),
(846, '2559000001947', 'eit3-tum-6176', 'W', 255, '2016-12-06 14:09:43', 8, '-', 1, 1, 0, 0, 1978),
(847, '2559000000315', 'eit3-tum-6176', 'W', 255, '2016-12-06 14:10:05', 9, '-', 1, 1, 0, 0, 1978),
(848, '2559000005846', NULL, 'R', 0, '2016-12-06 14:17:53', 7, '-', 1, 1, 0, 0, 0),
(849, '2559000005921', NULL, 'R', 0, '2016-12-06 14:17:58', 7, '-', 1, 1, 0, 0, 0),
(850, '2559000005938', NULL, 'R', 0, '2016-12-06 14:18:03', 7, '-', 1, 1, 0, 0, 0),
(851, '2559000005945', NULL, 'R', 0, '2016-12-06 14:18:08', 7, '-', 1, 1, 0, 0, 0),
(852, '2559000005891', NULL, 'R', 0, '2016-12-06 14:18:14', 7, '-', 1, 1, 0, 0, 0),
(853, '2559000005907', NULL, 'R', 0, '2016-12-06 14:18:17', 7, '-', 1, 1, 0, 0, 0),
(854, '2559000005914', NULL, 'R', 0, '2016-12-06 14:18:24', 7, '-', 1, 1, 0, 0, 0),
(855, '2559000005860', NULL, 'R', 0, '2016-12-06 14:18:32', 7, '-', 1, 1, 0, 0, 0),
(856, '2559000005877', NULL, 'R', 0, '2016-12-06 14:18:43', 7, '-', 1, 1, 0, 0, 0),
(857, '2559000005884', NULL, 'R', 0, '2016-12-06 14:18:47', 7, '-', 1, 1, 0, 0, 0),
(858, '2559000005884', NULL, 'R', 0, '2016-12-06 14:18:59', 7, '-', 1, 1, 0, 0, 0),
(859, '2559000005884', NULL, 'R', 0, '2016-12-06 14:19:01', 7, '-', 1, 1, 0, 0, 0),
(860, '2559000005976', NULL, 'R', 0, '2016-12-06 14:34:21', 14, '-', 1, 1, 0, 0, 0),
(861, '2559000006003', NULL, 'R', 0, '2016-12-06 14:34:53', 14, '-', 1, 1, 0, 0, 0),
(862, '2559000006003', NULL, 'R', 0, '2016-12-06 14:34:55', 14, '-', 1, 1, 0, 0, 0),
(863, '2559000001053', '-', 'W', 231, '2016-12-07 09:15:25', 9, '-', 1, 1, 0, 0, 1879),
(864, '2559000004733', '-', 'W', 9, '2016-12-07 09:30:51', 27, '-', 1, 1, 0, 0, 9475),
(865, '2559000001169', '-', 'W', 300, '2016-12-07 10:45:35', 33, '-', 1, 1, 0, 0, 1978),
(866, '2559000005983', NULL, 'R', 0, '2016-12-08 09:30:26', 14, '-', 1, 1, 0, 0, 0),
(867, '2559000005969', NULL, 'R', 0, '2016-12-08 09:30:45', 14, '-', 1, 1, 0, 0, 0),
(868, '2559000005990', NULL, 'R', 0, '2016-12-08 09:30:57', 14, '-', 1, 1, 0, 0, 0),
(869, '2559000005266', NULL, 'R', 0, '2016-12-08 09:32:37', 11, '-', 1, 1, 0, 0, 0),
(870, '2559000005273', NULL, 'R', 0, '2016-12-08 09:32:44', 11, '-', 1, 1, 0, 0, 0),
(871, '2559000005198', NULL, 'R', 0, '2016-12-08 09:32:50', 11, '-', 1, 1, 0, 0, 0),
(872, '2559000005204', NULL, 'R', 0, '2016-12-08 09:32:55', 11, '-', 1, 1, 0, 0, 0),
(873, '2559000005211', NULL, 'R', 0, '2016-12-08 09:33:01', 11, '-', 1, 1, 0, 0, 0),
(874, '2559000005136', NULL, 'R', 0, '2016-12-08 09:33:08', 11, '-', 1, 1, 0, 0, 0),
(875, '2559000005143', NULL, 'R', 0, '2016-12-08 09:33:12', 11, '-', 1, 1, 0, 0, 0),
(876, '2559000005174', NULL, 'R', 0, '2016-12-08 09:33:18', 11, '-', 1, 1, 0, 0, 0),
(877, '2559000005198', NULL, 'R', 0, '2016-12-08 09:34:36', 11, '-', 1, 1, 0, 0, 0),
(878, '2559000005211', NULL, 'R', 0, '2016-12-08 09:34:44', 11, '-', 1, 1, 0, 0, 0),
(879, '2559000005204', NULL, 'R', 0, '2016-12-08 09:35:18', 11, '-', 1, 1, 0, 0, 0),
(880, '2559000006027', NULL, 'R', 0, '2016-12-08 10:37:36', 11, '', 1, 1, 0, 0, 0),
(881, '2559000006034', NULL, 'R', 0, '2016-12-08 10:38:04', 11, '', 1, 1, 0, 0, 0),
(882, '2559000006010', NULL, 'R', 0, '2016-12-08 10:38:13', 11, '', 1, 1, 0, 0, 0),
(883, '2559000006041', NULL, 'R', 0, '2016-12-08 10:38:22', 11, '', 1, 1, 0, 0, 0),
(884, '2559000006041', NULL, 'R', 0, '2016-12-08 10:38:26', 11, '', 1, 1, 0, 0, 0),
(885, '2559000004887', '1487/58', 'W', 16, '2016-12-08 10:40:19', 23, '-', 1, 1, 0, 0, 9475),
(886, '2559000002203', '624/47', 'W', 124, '2016-12-08 13:27:19', 11, '-', 1, 1, 0, 0, 1879),
(887, '2559000006492', NULL, 'R', 0, '2016-12-09 09:37:07', 4, '-', 1, 1, 0, 0, 0),
(888, '2559000006508', NULL, 'R', 0, '2016-12-09 09:37:15', 4, '-', 1, 1, 0, 0, 0),
(889, '2559000006416', NULL, 'R', 0, '2016-12-09 09:37:22', 4, '-', 1, 1, 0, 0, 0),
(890, '2559000006423', NULL, 'R', 0, '2016-12-09 09:37:27', 4, '-', 1, 1, 0, 0, 0),
(891, '2559000006430', NULL, 'R', 0, '2016-12-09 09:37:34', 4, '-', 1, 1, 0, 0, 0),
(892, '2559000006447', NULL, 'R', 0, '2016-12-09 09:37:39', 4, '-', 1, 1, 0, 0, 0),
(893, '2559000006461', NULL, 'R', 0, '2016-12-09 09:37:48', 4, '-', 1, 1, 0, 0, 0),
(894, '2559000006478', NULL, 'R', 0, '2016-12-09 09:37:58', 4, '-', 1, 1, 0, 0, 0),
(895, '2559000006485', NULL, 'R', 0, '2016-12-09 09:38:05', 4, '-', 1, 1, 0, 0, 0),
(896, '2559000006409', NULL, 'R', 0, '2016-12-09 09:38:29', 4, '-', 1, 1, 0, 0, 0),
(897, '2559000006409', NULL, 'R', 0, '2016-12-09 09:38:46', 4, '-', 1, 1, 0, 0, 0),
(898, '2559000006409', NULL, 'R', 0, '2016-12-09 09:38:48', 4, '-', 1, 1, 0, 0, 0),
(899, '2559000004566', '705/60', 'W', 128, '2016-12-09 14:59:42', 13, '-', 1, 1, 0, 0, 1978),
(900, '2559000005495', '482/53', 'W', 95, '2016-12-13 08:34:09', 7, '-', 1, 1, 0, 0, 1879),
(9814, '2564000008872', NULL, 'R', 0, '2022-06-02 14:36:07', 1, 'j', 1, 1, 0, 0, 0),
(9815, '2564000008889', NULL, 'R', 0, '2022-06-02 14:36:07', 1, 'j', 1, 1, 0, 0, 0),
(9816, '2564000008872', '-', 'W', 6, '2022-06-02 14:37:53', 1, 'j', 1, 1, 0, 0, 9475),
(9817, '2564000008889', '-', 'W', 6, '2022-06-02 14:37:56', 1, 'j', 1, 1, 0, 0, 9475),
(9818, '980989089', '9999999999', 'R', 0, '2022-06-02 15:12:32', 2, '-', 1, 1, 0, 0, 0),
(9819, '000000', NULL, 'R', 0, '2022-06-02 15:12:32', 2, '-', 1, 1, 0, 0, 0),
(9820, '2564000008872', NULL, 'R', 0, '2022-06-02 15:12:32', 2, '-', 1, 1, 0, 0, 0),
(9821, '2564000008889', NULL, 'R', 0, '2022-06-02 15:12:32', 2, '-', 1, 1, 0, 0, 0),
(9822, '2564000008872', '00000', 'W', 3, '2022-06-02 15:18:56', 2, '-', 1, 1, 0, 0, 806),
(9823, '2564000008889', '-', 'W', 3, '2022-06-02 15:19:09', 2, '-', 1, 1, 0, 0, 806),
(9824, '2564000008889', NULL, 'R', 0, '2022-06-02 15:19:28', 1, '2564000008889', 1, 1, 0, 0, 0),
(9825, '2564000008872', NULL, 'R', 0, '2022-06-02 15:19:28', 1, '2564000008889', 1, 1, 0, 0, 0),
(9826, '2564000008872', NULL, 'T', 0, '2022-06-02 15:19:56', 1, '-', 1, 1, 1, 1, 0),
(9827, '2564000008872', '0', 'W', 4, '2022-06-02 15:21:17', 1, '2564000008889', 1, 1, 0, 0, 0),
(9828, '1212312121', NULL, 'R', 0, '2022-06-06 12:59:37', 1, 'Nathan', 1, 1, 0, 0, 0),
(9829, '8850051006863', '232', 'R', 0, '2022-06-10 09:06:50', 3, 'ddd', 1, 1, 0, 0, 0),
(9830, '8850051006863', '232', 'T', 0, '2022-06-10 09:07:31', 3, '-', 1, 1, 1, 2, 0),
(9831, '8850051006863', '232', 'T', 0, '2022-06-10 09:07:43', 3, '-', 1, 1, 1, 1, 0),
(9832, '8850051006863', '232', 'W', 1, '2022-06-10 09:08:55', 3, 'ddd', 1, 1, 0, 0, 0),
(9833, '8851959143711', NULL, 'R', 0, '2022-06-10 15:20:02', 1, '-', 1, 1, 0, 0, 0),
(9834, '8851952350161', NULL, 'R', 0, '2022-06-10 15:20:02', 1, '-', 1, 1, 0, 0, 0),
(9835, '8851952350161', '-', 'W', 3, '2022-06-10 15:22:06', 1, '-', 1, 1, 0, 0, 806),
(9836, '8851959143711', '-', 'W', 5, '2022-06-10 15:41:03', 1, '-', 1, 1, 0, 0, 806),
(9837, '8851959143711', NULL, 'R', 0, '2022-06-10 15:41:56', 1, '8851959143711', 1, 1, 0, 0, 0),
(9838, '8850051005071', '121212', 'R', 0, '2022-06-16 10:24:31', 2, 'mk', 1, 1, 0, 0, 0),
(9839, '8850051006863', '232', 'R', 0, '2022-06-16 10:25:04', 2, 'mk', 1, 1, 0, 0, 0),
(9840, '8850051005071', '121212', 'W', 1, '2022-06-16 10:26:27', 2, 'mk', 1, 1, 0, 0, 806),
(9841, '8850051006863', '232', 'W', 1, '2022-06-16 10:26:30', 2, 'mk', 1, 1, 0, 0, 806),
(9842, '8850051006863', '232', 'R', 0, '2022-06-16 10:40:15', 1, 'mk', 1, 1, 0, 0, 0),
(9843, 'คคถจจถๅจจถจึๅ', NULL, 'R', 0, '2022-06-16 10:44:40', 3, 'mk', 1, 1, 0, 0, 0),
(9844, '8850051006863', '232', 'W', 1, '2022-06-16 11:08:44', 1, 'mk', 1, 1, 0, 0, 806),
(9845, '8850051005071', '121212', 'R', 0, '2022-06-16 11:09:06', 1, 'mk', 1, 1, 0, 0, 0),
(9846, '8850051006863', '232', 'R', 0, '2022-06-16 11:09:19', 1, 'mk', 1, 1, 0, 0, 0),
(9847, '8850051005071', '121212', 'W', 3, '2022-06-16 11:11:39', 1, 'mk', 1, 1, 0, 0, 806),
(9848, '8850051006863', '232', 'W', 3, '2022-06-16 11:11:42', 1, 'mk', 1, 1, 0, 0, 806),
(9849, '8850051005071', '121212', 'R', 0, '2022-06-16 11:12:10', 2, '8850051005071', 1, 1, 0, 0, 0),
(9850, '8850051006863', '232', 'R', 0, '2022-06-16 11:12:15', 2, '8850051005071', 1, 1, 0, 0, 0),
(9851, '8850051005071', '121212', 'W', 4, '2022-06-16 11:13:15', 2, '8850051005071', 1, 1, 0, 0, 806),
(9852, '8850051006863', '232', 'W', 4, '2022-06-16 11:13:18', 2, '8850051005071', 1, 1, 0, 0, 806),
(9853, '8850051005071', '121212', 'R', 0, '2022-06-16 11:13:38', 3, 'k', 1, 1, 0, 0, 0),
(9854, '8850051006863', '232', 'R', 0, '2022-06-16 11:13:47', 3, 'k', 1, 1, 0, 0, 0),
(9855, '8850051005071', '121212', 'W', 1, '2022-06-16 11:19:21', 3, 'k', 1, 1, 0, 0, 0),
(9856, '8850051006863', '232', 'W', 1, '2022-06-16 11:19:24', 3, 'k', 1, 1, 0, 0, 0),
(9857, '8850051005071', '121212', 'R', 0, '2022-06-16 11:19:48', 2, 'mk', 1, 1, 0, 0, 0),
(9858, '8850051006863', '232', 'R', 0, '2022-06-16 11:19:59', 2, 'mk', 1, 1, 0, 0, 0),
(9859, '8850051006863', '232', 'W', 4, '2022-06-16 11:20:33', 2, 'mk', 1, 1, 0, 0, 1879),
(9860, '8850051006863', '232', 'R', 0, '2022-06-16 11:20:49', 2, '8850051006863', 1, 1, 0, 0, 0),
(9861, '8850051006863', '232', 'W', 4, '2022-06-16 11:21:38', 2, '8850051006863', 1, 1, 0, 0, 0),
(9862, '8850051005071', '121212', 'W', 4, '2022-06-16 11:21:41', 2, 'mk', 1, 1, 0, 0, 0),
(9863, '8850051006863', '232', 'R', 0, '2022-06-16 11:22:01', 1, 'mk', 1, 1, 0, 0, 0),
(9864, '8850051005071', '121212', 'R', 0, '2022-06-16 11:22:10', 1, 'mk', 1, 1, 0, 0, 0),
(9865, '8850051005071', '121212', 'W', 1, '2022-06-16 11:25:33', 1, 'mk', 1, 1, 0, 0, 0),
(9866, '8850051006863', '232', 'R', 0, '2022-06-16 11:25:49', 1, '8850051006863', 1, 1, 0, 0, 0),
(9867, '8850051005071', '121212', 'R', 0, '2022-06-16 11:25:58', 1, '8850051006863', 1, 1, 0, 0, 0),
(9868, '8850051005071', '121212', 'R', 0, '2022-06-16 11:28:41', 1, '8850051006863', 1, 1, 0, 0, 0),
(9869, '8850051006863', '232', 'R', 0, '2022-06-16 11:28:47', 1, '8850051006863', 1, 1, 0, 0, 0),
(9870, '8850051005071', '121212', 'R', 0, '2022-06-16 11:29:41', 1, '8850051006863', 1, 1, 0, 0, 0),
(9871, '8850051006863', '232', 'R', 0, '2022-06-16 11:29:49', 1, '8850051006863', 1, 1, 0, 0, 0),
(9872, '8850051005071', '121212', 'W', 3, '2022-06-16 11:32:59', 1, '8850051006863', 1, 1, 0, 0, 806),
(9873, '8850051006863', '232', 'W', 3, '2022-06-16 11:33:02', 1, '8850051006863', 1, 1, 0, 0, 806),
(9874, '8850051006863', '232', 'R', 0, '2022-06-16 11:33:28', 2, '2323', 1, 1, 0, 0, 0),
(9875, '8850051005071', '121212', 'R', 0, '2022-06-16 11:33:40', 2, '2323', 1, 1, 0, 0, 0),
(9876, '8850051006863', '232', 'W', 1, '2022-06-16 11:35:05', 2, '2323', 1, 1, 0, 0, 0),
(9877, '8850051005071', '121212', 'R', 0, '2022-06-16 11:35:36', 3, 'mkkmk', 1, 1, 0, 0, 0),
(9878, '8850051006863', '232', 'R', 0, '2022-06-16 11:35:49', 3, 'mkkmk', 1, 1, 0, 0, 0),
(9879, '8850051005071', '121212', 'W', 1, '2022-06-16 11:41:08', 3, 'mkkmk', 1, 1, 0, 0, 806),
(9880, '8850051006863', '232', 'W', 1, '2022-06-16 11:41:11', 3, 'mkkmk', 1, 1, 0, 0, 806),
(9881, '8850051005071', '121212', 'R', 0, '2022-06-16 11:42:12', 6, 'mkresdt', 1, 1, 0, 0, 0),
(9882, '8850051006863', '232', 'R', 0, '2022-06-16 11:42:19', 6, 'mkresdt', 1, 1, 0, 0, 0),
(9883, '2564000008889', '-', 'W', 4, '2022-06-16 11:43:54', 1, '2564000008889', 1, 1, 0, 0, 0),
(9884, '2564000008889', NULL, 'R', 0, '2022-06-16 11:44:20', 4, '4545', 1, 1, 0, 0, 0),
(9885, '2564000008889', NULL, 'W', 1, '2022-06-16 11:52:33', 3, 'nattttttttt', 1, 1, 0, 0, 0),
(9886, '8850051006863', NULL, 'W', 1, '2022-06-16 11:52:38', 3, 'nattttttttt', 1, 1, 0, 0, 0),
(9887, '2564000008889', NULL, 'W', 1, '2022-06-16 11:56:42', 1, 'mkrest', 1, 1, 0, 0, 806),
(9888, '8850051006863', '232', 'R', 0, '2022-06-16 11:58:39', 2, 'km', 1, 1, 0, 0, 0),
(9889, '8850051005071', '121212', 'R', 0, '2022-06-16 12:00:41', 2, 'km', 1, 1, 0, 0, 0),
(9890, '8850051006863', '232', 'R', 0, '2022-06-16 12:01:52', 2, 'km', 1, 1, 0, 0, 0),
(9891, '2564000008889', NULL, 'R', 0, '2022-06-16 12:02:56', 2, 'km', 1, 1, 0, 0, 0),
(9892, '2564000008889', '1234', 'R', 0, '2022-06-16 12:04:05', 2, 'km', 1, 1, 0, 0, 0),
(9893, '8850051006863', '232', 'R', 0, '2022-06-16 13:08:50', 2, '898', 1, 1, 0, 0, 0),
(9894, '8850051006863', NULL, 'W', 1, '2022-06-16 13:13:51', 2, '898', 1, 1, 0, 0, 0),
(9895, '8850051006863', '232', 'R', 0, '2022-06-16 13:14:12', 2, 'mkl', 1, 1, 0, 0, 0),
(9896, '8850051006863', NULL, 'W', 4, '2022-06-16 13:14:37', 2, 'mkl', 1, 1, 0, 0, 0),
(9897, '8850051006863', '232', 'R', 0, '2022-06-16 13:16:30', 3, 'mk', 1, 1, 0, 0, 0),
(9898, '8850051006863', NULL, 'W', 4, '2022-06-16 13:19:47', 3, 'mk', 1, 1, 0, 0, 0),
(9899, '8850051006863', '232', 'R', 0, '2022-06-16 13:20:20', 10, '8989', 1, 1, 0, 0, 0),
(9901, '8850051005071', '121212', 'R', 0, '2022-06-16 13:23:12', 5, 'mmm', 1, 1, 0, 0, 0),
(9902, '8850051006863', '232', 'R', 0, '2022-06-16 13:23:59', 5, 'mmm', 1, 1, 0, 0, 0),
(9903, '8850051006863', NULL, 'W', 3, '2022-06-16 13:29:39', 5, 'mmm', 1, 1, 0, 0, 806),
(9904, '8850051005071', '121212', 'R', 0, '2022-06-16 13:29:54', 4, 'mk', 1, 1, 0, 0, 0),
(9905, '21212', NULL, 'R', 0, '2022-06-16 13:30:49', 4, 'mk', 1, 1, 0, 0, 0),
(9906, '12121', NULL, 'R', 0, '2022-06-16 13:30:54', 4, 'mk', 1, 1, 0, 0, 0),
(9907, '8850051005071', '121212', 'W', 1, '2022-06-16 13:39:28', 4, 'mk', 1, 1, 0, 0, 1978),
(9908, '111111', '12', 'R', 0, '2022-06-21 09:45:41', 6, 'nathan', 1, 1, 0, 0, 0),
(9909, '111111', '12', 'W', 1, '2022-06-21 10:38:53', 6, 'nathan', 1, 1, 0, 0, 806),
(9910, '000000', '111111111', 'W', 3, '2022-06-22 10:45:11', 2, '-', 1, 1, 0, 0, 1879),
(9911, '980989089', '9999999999', 'W', 27, '2022-06-22 10:46:08', 2, '-', 1, 1, 0, 0, 1922);

-- --------------------------------------------------------

--
-- Table structure for table `type`
--

CREATE TABLE `type` (
  `TypeID` varchar(1) NOT NULL,
  `TypeName` varchar(50) NOT NULL
) ENGINE=InnoDB DEFAULT CHARSET=utf8mb4;

--
-- Dumping data for table `type`
--

INSERT INTO `type` (`TypeID`, `TypeName`) VALUES
('R', 'ีรับของ'),
('T', 'ีเคลื่อนย้าย'),
('W', 'เบิกของ');

-- --------------------------------------------------------

--
-- Table structure for table `unit_of_measure`
--

CREATE TABLE `unit_of_measure` (
  `UmCode` int(50) NOT NULL,
  `UnitOfMeasure` varchar(70) NOT NULL
) ENGINE=InnoDB DEFAULT CHARSET=utf8mb4;

--
-- Dumping data for table `unit_of_measure`
--

INSERT INTO `unit_of_measure` (`UmCode`, `UnitOfMeasure`) VALUES
(3, 'ห่อ(50หัว'),
(4, 'อัน'),
(5, 'ใบ'),
(6, 'ห่อ(100หัว)'),
(1, 'อัน'),
(2, 'กล่อง');

-- --------------------------------------------------------

--
-- Structure for view `onhand`
--
DROP TABLE IF EXISTS `onhand`;

CREATE ALGORITHM=UNDEFINED DEFINER=`root`@`localhost` SQL SECURITY DEFINER VIEW `onhand`  AS SELECT `ig`.`GroupName` AS `GroupName`, sum(`i`.`Onhand`) AS `Onhand` FROM (`item` `i` left join `item_group` `ig` on(`i`.`GroupID` = `ig`.`GroupID`)) GROUP BY `ig`.`GroupName` ;

--
-- Indexes for dumped tables
--

--
-- Indexes for table `barcode`
--
ALTER TABLE `barcode`
  ADD PRIMARY KEY (`id`);

--
-- Indexes for table `department`
--
ALTER TABLE `department`
  ADD PRIMARY KEY (`DepartmentID`);

--
-- Indexes for table `group_kurupan`
--
ALTER TABLE `group_kurupan`
  ADD PRIMARY KEY (`id`);

--
-- Indexes for table `item`
--
ALTER TABLE `item`
  ADD PRIMARY KEY (`SerialNumber`),
  ADD KEY `GroupID` (`GroupID`),
  ADD KEY `GroupID_2` (`GroupID`),
  ADD KEY `GroupID_3` (`GroupID`);

--
-- Indexes for table `item_group`
--
ALTER TABLE `item_group`
  ADD PRIMARY KEY (`GroupID`);

--
-- Indexes for table `loan_Item`
--
ALTER TABLE `loan_Item`
  ADD PRIMARY KEY (`KurupanNumber`),
  ADD KEY `idx` (`idx`);

--
-- Indexes for table `location`
--
ALTER TABLE `location`
  ADD PRIMARY KEY (`LocID`);

--
-- Indexes for table `login`
--
ALTER TABLE `login`
  ADD PRIMARY KEY (`UserID`);

--
-- Indexes for table `person`
--
ALTER TABLE `person`
  ADD PRIMARY KEY (`Id`);

--
-- Indexes for table `store`
--
ALTER TABLE `store`
  ADD PRIMARY KEY (`StoreID`);

--
-- Indexes for table `transaction`
--
ALTER TABLE `transaction`
  ADD PRIMARY KEY (`Id`),
  ADD KEY `S/N` (`SerialNumber`,`TypeID`),
  ADD KEY `StoreID` (`StoreID`,`LocID`,`ToStoreID`,`ToLocID`),
  ADD KEY `UserID` (`PersonID`),
  ADD KEY `DepartmentID` (`DepartmentID`),
  ADD KEY `GroupID` (`GroupID`,`StoreID`,`LocID`,`ToStoreID`,`ToLocID`,`PersonID`);

--
-- AUTO_INCREMENT for dumped tables
--

--
-- AUTO_INCREMENT for table `department`
--
ALTER TABLE `department`
  MODIFY `DepartmentID` int(11) NOT NULL AUTO_INCREMENT, AUTO_INCREMENT=348;

--
-- AUTO_INCREMENT for table `group_kurupan`
--
ALTER TABLE `group_kurupan`
  MODIFY `id` int(11) NOT NULL AUTO_INCREMENT, AUTO_INCREMENT=3;

--
-- AUTO_INCREMENT for table `item_group`
--
ALTER TABLE `item_group`
  MODIFY `GroupID` int(11) NOT NULL AUTO_INCREMENT, AUTO_INCREMENT=43;

--
-- AUTO_INCREMENT for table `loan_Item`
--
ALTER TABLE `loan_Item`
  MODIFY `idx` int(11) NOT NULL AUTO_INCREMENT, AUTO_INCREMENT=36;

--
-- AUTO_INCREMENT for table `location`
--
ALTER TABLE `location`
  MODIFY `LocID` int(11) NOT NULL AUTO_INCREMENT, AUTO_INCREMENT=3;

--
-- AUTO_INCREMENT for table `store`
--
ALTER TABLE `store`
  MODIFY `StoreID` int(11) NOT NULL AUTO_INCREMENT, AUTO_INCREMENT=2;

--
-- AUTO_INCREMENT for table `transaction`
--
ALTER TABLE `transaction`
  MODIFY `Id` int(11) NOT NULL AUTO_INCREMENT, AUTO_INCREMENT=9912;
COMMIT;

/*!40101 SET CHARACTER_SET_CLIENT=@OLD_CHARACTER_SET_CLIENT */;
/*!40101 SET CHARACTER_SET_RESULTS=@OLD_CHARACTER_SET_RESULTS */;
/*!40101 SET COLLATION_CONNECTION=@OLD_COLLATION_CONNECTION */;
